CASE_ID,ACCIDENT_YEAR,PROC_DATE,JURIS,COLLISION_DATE,COLLISION_TIME,OFFICER_ID,REPORTING_DISTRICT,DAY_OF_WEEK,CHP_SHIFT,POPULATION,CNTY_CITY_LOC,SPECIAL_COND,BEAT_TYPE,CHP_BEAT_TYPE,CITY_DIVISION_LAPD,CHP_BEAT_CLASS,BEAT_NUMBER,PRIMARY_RD,SECONDARY_RD,DISTANCE,DIRECTION,INTERSECTION,WEATHER_1,WEATHER_2,STATE_HWY_IND,CALTRANS_COUNTY,CALTRANS_DISTRICT,STATE_ROUTE,ROUTE_SUFFIX,POSTMILE_PREFIX,POSTMILE,LOCATION_TYPE,RAMP_INTERSECTION,SIDE_OF_HWY,TOW_AWAY,COLLISION_SEVERITY,NUMBER_KILLED,NUMBER_INJURED,PARTY_COUNT,PRIMARY_COLL_FACTOR,PCF_CODE_OF_VIOL,PCF_VIOL_CATEGORY,PCF_VIOLATION,PCF_VIOL_SUBSECTION,HIT_AND_RUN,TYPE_OF_COLLISION,MVIW,PED_ACTION,ROAD_SURFACE,ROAD_COND_1,ROAD_COND_2,LIGHTING,CONTROL_DEVICE,CHP_ROAD_TYPE,PEDESTRIAN_ACCIDENT,BICYCLE_ACCIDENT,MOTORCYCLE_ACCIDENT,TRUCK_ACCIDENT,NOT_PRIVATE_PROPERTY,ALCOHOL_INVOLVED,STWD_VEHTYPE_AT_FAULT,CHP_VEHTYPE_AT_FAULT,COUNT_SEVERE_INJ,COUNT_VISIBLE_INJ,COUNT_COMPLAINT_PAIN,COUNT_PED_KILLED,COUNT_PED_INJURED,COUNT_BICYCLIST_KILLED,COUNT_BICYCLIST_INJURED,COUNT_MC_KILLED,COUNT_MC_INJURED,PRIMARY_RAMP,SECONDARY_RAMP,LATITUDE,LONGITUDE,COUNTY,CITY,POINT_X,POINT_Y
5403222,2012,2014-04-18,4203,2012-01-19,0610,4725,,4,5,5,4203,0,0,0,,0,006,"RT 225","JERRY HARWIN PKWY",1056.00,S,N,A,-,Y,SB,5,225,-,-,1.390,H,-,E,Y,1,1,0,1,D,-,00,,,N,E,I,A,A,H,-,D,D,0,,,,,Y,,-,"- ",0,0,0,0,0,0,0,0,0,"- ","- ",,,"SANTA BARBARA","SANTA BARBARA",-119.74035241,34.410554840000003
5403353,2012,2014-04-03,9755,2012-01-12,1439,15281,,4,2,9,4200,0,1,2,,2,004,"RT 101","SANTA ROSA RD",7392.00,S,N,A,-,Y,SB,5,101,-,-,55.060,H,-,N,Y,1,1,3,2,A,-,01,23152,A,N,B,C,A,A,H,-,A,D,1,,,,Y,Y,,G,25,2,1,0,0,0,0,0,0,0,"- ","- ",34.583129999999997,-120.19381,"SANTA BARBARA",UNINCORPORATED,-120.18977993,34.565807669999998
5403417,2012,2014-04-09,9750,2012-03-04,0027,16469,,7,3,9,4200,0,1,2,,2,001,"RT 101","DONOVAN RD",2640.00,N,N,A,-,Y,SB,5,101,-,-,90.190,H,-,S,N,1,1,0,2,A,-,11,21956,,N,G,B,E,A,H,-,D,D,0,Y,,,,Y,Y,N,60,0,0,0,1,0,0,0,0,0,"- ","- ",34.974350000000001,-120.42733,"SANTA BARBARA",UNINCORPORATED,-120.42731143,34.974360689999997
5455332,2012,2013-06-13,9750,2012-01-07,1625,012043,,6,2,9,4200,0,3,5,,2,030,"ORCUTT GAREY RD","FOXEN CANYON RD",5280.00,W,N,A,-,N,,,,,,,,,,Y,4,0,1,1,A,-,08,22107,,N,F,A,A,A,H,-,A,D,0,,,,,Y,,A,07,0,0,1,0,0,0,0,0,0,"- ","- ",34.87988,-120.3206,"SANTA BARBARA",UNINCORPORATED,-120.33078497,34.879407630000003
5455354,2012,2013-07-31,9750,2012-01-05,1212,15915,,4,1,9,4200,0,3,5,,2,020,"GLINES AV","BARNETTE RD",60.00,N,N,A,-,N,,,,,,,,,,Y,3,0,1,1,A,-,08,22107,,N,E,I,A,A,H,-,A,A,0,,,,,Y,,A,01,0,1,0,0,0,0,0,0,0,"- ","- ",34.868319999999997,-120.41601,"SANTA BARBARA",UNINCORPORATED,-120.41610642000001,34.868379320000003
5455401,2012,2013-09-13,9750,2012-01-10,1355,016170,,2,1,5,4204,0,1,2,,2,001,BROADWAY,"RT 101",0.00,,Y,A,-,Y,SB,5,101,-,-,90.637,R,2,S,Y,4,0,1,1,A,-,03,22350,,N,F,A,A,A,H,-,A,D,0,,,Y,,Y,,C,02,0,0,1,0,0,0,0,0,1,SO,"- ",34.980130000000003,-120.34108000000001,"SANTA BARBARA","SANTA MARIA",-120.43040257,34.979334860000002
5455594,2012,2013-09-13,4204,2012-01-01,0435,18473,57,7,5,5,4204,0,0,0,,0,002,BROADWAY,MORRISON,0.00,,Y,A,-,Y,SB,5,135,-,-,15.080,I,5,S,Y,4,0,1,2,A,-,01,23152,A,N,D,C,A,A,H,-,C,A,0,,,,,Y,Y,-,"- ",0,0,1,0,0,0,0,0,0,"- ","- ",,,"SANTA BARBARA","SANTA MARIA",-120.43608302,34.943033419999999
5455692,2012,2013-09-13,9760,2012-01-05,0850,18483,,4,1,9,4200,0,1,2,,1,030,"RT 101","STORKE RD",1500.00,S,N,A,-,Y,SB,5,101,-,-,24.480,H,-,N,Y,4,0,3,4,A,-,03,22350,,N,C,C,A,A,H,-,A,D,1,,,,,Y,,A,07,0,0,3,0,0,0,0,0,0,"- ","- ",34.261769999999999,-119.51690000000001,"SANTA BARBARA",UNINCORPORATED,-119.86531365,34.435438310000002
5456018,2012,2013-09-17,4204,2012-01-17,1256,23286,33,2,5,5,4204,0,0,0,,0,002,"RT 135","CHAPEL ST",0.00,,Y,A,-,Y,SB,5,135,-,-,15.860,H,-,S,Y,4,0,1,3,A,-,03,22350,,N,C,C,A,A,H,-,A,A,0,,,,,Y,,A,01,0,0,1,0,0,0,0,0,0,"- ","- ",,,"SANTA BARBARA","SANTA MARIA",-120.43597793000001,34.954372370000002
5456022,2012,2013-09-17,4204,2012-01-20,1950,23656,4,5,5,5,4204,0,0,0,,0,001,BROADWAY,TAYLOR,0.00,,Y,C,-,Y,SB,5,135,-,-,17.290,H,-,S,Y,4,0,1,2,A,-,03,22350,,N,C,C,A,B,H,-,C,A,0,,,,,Y,,A,07,0,0,1,0,0,0,0,0,0,"- ","- ",,,"SANTA BARBARA","SANTA MARIA",-120.43563899999999,34.975280069999997
5456029,2012,2013-06-15,4204,2012-01-21,1255,18261,59,6,5,5,4204,0,0,0,,0,003,STOWELL,"EAST ST",30.00,W,N,A,-,N,,,,,,,,,,Y,4,0,1,2,A,-,03,22350,,F,C,C,A,A,H,-,A,D,0,,,,,Y,,A,01,0,0,1,0,0,0,0,0,0,"- ","- ",,,"SANTA BARBARA","SANTA MARIA",-120.42719267,34.938465960000002
5456041,2012,2013-06-15,4204,2012-01-15,1253,90081,9,7,5,5,4204,0,0,0,,0,001,WILLIAMS,CURRYER,0.00,,Y,A,-,N,,,,,,,,,,Y,3,0,3,2,A,-,08,22103,,N,D,C,A,A,H,-,A,D,0,,,,,Y,,A,01,0,1,2,0,0,0,0,0,0,"- ","- ",,,"SANTA BARBARA","SANTA MARIA",-120.44170260999999,34.970564840000002
5456045,2012,2013-09-27,4204,2012-01-03,1144,23656,52,2,5,5,4204,0,0,0,,0,002,BROADWAY,BOONE,0.00,,Y,A,-,Y,SB,5,135,-,-,15.360,I,5,S,Y,4,0,1,2,A,-,03,22350,,N,C,C,A,A,H,-,A,D,0,,,,,Y,,A,01,0,0,1,0,0,0,0,0,0,"- ","- ",,,"SANTA BARBARA","SANTA MARIA",-120.43603428,34.947034309999999
5456065,2012,2013-06-15,4204,2012-01-24,1807,21402,35,2,5,5,4204,0,0,0,,0,002,MILLER,"MAIN ST",0.00,,Y,A,-,N,,,,,,,,,,N,4,0,1,2,A,-,03,22350,,N,C,C,A,A,H,-,A,A,0,,,,,Y,,-,"- ",0,0,1,0,0,0,0,0,0,"- ","- ",,,"SANTA BARBARA","SANTA MARIA",-120.43155256,34.953094919999998
5456073,2012,2013-09-17,4204,2012-01-14,1321,18261,33,6,5,5,4204,0,0,0,,0,002,"PINE ST","MAIN ST",3.00,S,N,A,-,Y,SB,5,166,-,-,7.710,I,6,E,N,4,0,1,2,A,-,05,21202,A,N,D,G,A,A,H,-,A,A,0,,Y,,,Y,,L,04,0,0,1,0,0,0,1,0,0,"- ","- ",,,"SANTA BARBARA","SANTA MARIA",-120.43882130999999,34.95309486
5456077,2012,2013-07-31,4204,2012-01-10,1854,22113,10,2,5,5,4204,0,0,0,,0,001,MILLER,DONOVAN,0.00,,Y,A,-,N,,,,,,,,,,N,4,0,1,2,A,-,12,21453,A,N,D,C,A,A,H,-,C,A,0,,,,,Y,,-,"- ",0,0,1,0,0,0,0,0,0,"- ","- ",,,"SANTA BARBARA","SANTA MARIA",-120.43119254,34.96769492
5457096,2012,2013-06-07,9760,2012-01-20,0900,19464,,5,1,9,4200,0,2,4,,2,024,"CALLE REAL","COUNTY DUMP RD",0.00,,Y,B,-,N,,,,,,,,,,Y,3,0,1,2,A,-,09,21802,A,N,F,A,A,A,H,-,A,A,0,,,Y,Y,Y,,F,26,0,1,0,0,0,0,0,0,1,"- ","- ",34.442489999999999,-119.77607,"SANTA BARBARA",UNINCORPORATED,-119.77610237,34.442334879999997
5457115,2012,2013-12-12,4200,2012-01-25,1650,2932,11,3,5,2,4212,0,0,0,,0,,"RT 246","CALOR DR",37.00,E,N,A,-,Y,SB,5,246,-,R,25.470,H,-,W,,4,0,2,2,A,-,03,22350,,N,C,C,A,A,H,-,A,D,0,,,,,Y,,A,01,0,0,2,0,0,0,0,0,0,"- ","- ",34.370109999999997,-120.12089,"SANTA BARBARA",BUELLTON,-120.20261938,34.617024149999999
5457668,2012,2013-09-18,9760,2012-01-22,2315,19534,,7,3,5,4203,0,1,2,,2,011,"RT 101","GARDEN ST",150.00,N,N,B,-,Y,SB,5,101,-,-,13.530,H,-,N,Y,4,0,1,1,A,-,08,22107,,N,E,I,A,A,H,-,C,A,1,,,,,Y,,A,01,0,0,1,0,0,0,0,0,0,"- ","- ",,,"SANTA BARBARA","SANTA BARBARA",-119.69108611,34.417204349999999
5457680,2012,2013-09-18,9760,2012-01-17,0850,18483,,2,1,9,4200,0,1,2,,2,010,"RT 101","SHEFFIELD DR",500.00,S,N,A,-,Y,SB,5,101,-,-,8.910,H,-,N,N,4,0,1,2,A,-,03,22350,,N,C,C,A,A,H,-,A,D,1,,,,,Y,,A,07,0,0,1,0,0,0,0,0,0,"- ","- ",34.422310000000003,-119.61394,"SANTA BARBARA",UNINCORPORATED,-119.61158097000001,34.4216458
5458649,2012,2013-06-08,9760,2012-01-11,1100,10649,,3,1,9,4200,0,3,5,,2,005,"EL COLEGIO RD","CAMINO PESCADERO",0.00,,Y,B,-,N,,,,,,,,,,N,3,0,1,2,A,-,12,21453,A,N,H,G,A,A,H,-,A,A,0,,Y,,,Y,,L,04,0,1,0,0,0,0,1,0,0,"- ","- ",34.416240000000002,-119.85911,"SANTA BARBARA",UNINCORPORATED,-119.85874235999999,34.417324899999997
5459850,2012,2013-09-13,4200,2012-01-29,1559,4444,14,7,5,4,4214,0,0,0,,0,050,"N FAIRVIEW AV","RT 101",77.00,W,N,A,-,Y,SB,5,101,-,-,22.290,R,4,N,Y,4,0,2,2,A,-,21,22106,,N,C,C,A,A,H,-,A,A,0,,,,,Y,,D,22,0,0,2,0,0,0,0,0,0,"- ",NF,,,"SANTA BARBARA",GOLETA,-119.82591243,34.440214840000003
5459868,2012,2013-06-08,9750,2012-01-15,1840,016354,,7,2,9,4200,0,3,5,,2,010,"BONITA SCHOOL RD","BONITA LATERAL RD",4224.00,N,N,A,-,N,,,,,,,,,,Y,4,0,1,1,A,-,03,22350,,N,F,A,A,A,B,-,D,D,0,,,,,Y,,D,22,0,0,1,0,0,0,0,0,0,"- ","- ",34.957610000000003,-120.50865,"SANTA BARBARA",UNINCORPORATED,-120.51147177999999,34.974055130000004
5460269,2012,2013-07-15,4200,2012-01-07,2116,4097,,6,5,4,4214,0,0,0,,0,080,"NORTHGATE DR","CATHEDRAL OAKS RD",150.00,N,N,A,-,N,,,,,,,,,,Y,3,0,1,5,A,-,01,23152,,N,B,E,A,A,H,-,C,D,0,,,,,Y,Y,A,01,0,1,0,0,0,0,0,0,0,"- ","- ",,,"SANTA BARBARA",GOLETA,-119.88838449000001,34.441922959999999
5460520,2012,2013-06-08,4200,2012-01-07,1555,3049,14,6,5,4,4214,0,0,0,,0,050,"FAIRVIEW AV","ENCINA RD",212.00,S,N,A,-,N,,,,,,,,,,N,4,0,1,2,A,-,07,21658,A,N,B,C,A,A,H,-,A,D,0,,,,,Y,,A,01,0,0,1,0,0,0,0,0,0,"- ","- ",,,"SANTA BARBARA",GOLETA,-119.83067472,34.44248271
5460524,2012,2013-06-08,4200,2012-01-02,0159,4097,,1,5,4,4214,0,0,0,,0,050,"LA PATERA LN","COVINGTON RD",79.80,N,N,A,-,N,,,,,,,,,,Y,3,0,1,2,A,-,01,23152,,N,E,I,A,A,H,-,C,D,0,,,,,Y,Y,A,01,0,1,0,0,0,0,0,0,0,"- ","- ",,,"SANTA BARBARA",GOLETA,-119.84523622,34.445413199999997
5460532,2012,2013-06-08,4200,2012-01-18,1645,3116,14,3,5,4,4214,0,0,0,,0,080,"CALLE REAL","GLENN ANNIE RD",183.00,W,N,A,-,N,,,,,,,,,,N,2,0,1,2,A,-,08,22107,,N,D,G,A,A,H,-,A,D,0,,Y,,,Y,,M,47,1,0,0,0,0,0,1,0,0,"- ","- ",,,"SANTA BARBARA",GOLETA,-119.87213509999999,34.434855470000002
5460560,2012,2013-06-08,4200,2012-01-16,1312,3683,14,1,5,4,4214,0,0,0,,0,060,"HOLLISTER AV","CORTONA DR",101.00,E,N,A,-,N,,,,,,,,,,Y,4,0,1,2,A,-,09,21804,A,N,D,C,A,A,H,-,A,D,0,,,,,Y,,A,07,0,0,1,0,0,0,0,0,0,"- ","- ",,,"SANTA BARBARA",GOLETA,-119.86778777000001,34.430284800000003
5460625,2012,2013-06-07,4200,2012-01-13,0806,3740,10,5,5,3,4205,0,0,0,,0,040,"CARPINTERIA AV","HOLLY AV",8.00,E,N,A,F,N,,,,,,,,,,N,3,0,1,2,A,-,10,21950,A,N,G,B,B,A,H,-,A,A,0,Y,,,,Y,,A,01,0,1,0,0,1,0,0,0,0,"- ","- ",,,"SANTA BARBARA",CARPINTERIA,-119.52043379,34.400719199999997
5460639,2012,2013-09-13,4200,2012-01-13,1527,3740,10,5,5,3,4205,0,0,0,,0,030,"CASITAS PASS RD","RT 101",165.00,S,N,A,-,Y,SB,5,101,-,-,2.526,R,4,S,Y,3,0,2,2,A,-,09,21801,A,N,D,C,A,A,H,-,A,A,0,,,,,Y,,A,08,0,2,0,0,0,0,0,0,0,"- ",SO,,,"SANTA BARBARA",CARPINTERIA,-119.51033237,34.394834850000002
5461091,2012,2013-09-20,9755,2012-01-10,0755,13041,,2,1,9,4200,0,1,3,,1,055,"RT 1","SANTA LUCIA CANYON RD",0.00,,Y,A,-,Y,SB,5,1,-,R,26.690,I,5,S,Y,4,0,2,2,A,-,09,21802,A,N,D,C,A,A,H,-,A,A,0,,,,,Y,,A,07,0,0,2,0,0,0,0,0,0,"- ","- ",34.712910000000001,-120.4889,"SANTA BARBARA",UNINCORPORATED,-120.48921256,34.713124829999998
5461103,2012,2013-09-12,9755,2012-01-09,0830,17378,,1,1,9,4200,0,1,3,,1,042,"RT 154","RT 101",4.00,N,N,A,-,Y,SB,5,101,-,-,18.230,R,3,N,Y,4,0,1,1,A,-,03,22350,,N,E,I,A,A,H,-,A,D,0,,,,,Y,,A,01,0,0,1,0,0,0,0,0,0,TO,"- ",34.687809999999999,-120.15716999999999,"SANTA BARBARA",UNINCORPORATED,-119.75842240999999,34.441274849999999
5461107,2012,2013-09-18,9755,2012-01-23,1420,17884,,1,2,9,4200,0,1,2,,2,004,"RT 101","RT 1",1584.00,S,N,B,C,Y,SB,5,101,-,R,48.550,H,-,S,Y,4,0,1,1,A,-,03,22350,,N,E,I,A,B,H,-,A,D,1,,,,,Y,,A,01,0,0,1,0,0,0,0,0,0,"- ","- ",34.494079999999997,-120.22987999999999,"SANTA BARBARA",UNINCORPORATED,-120.22698511999999,34.503204359999998
5486151,2012,2013-07-19,4200,2012-02-13,1226,3683,14,1,5,4,4214,0,0,0,,0,6012-2,HOLLISTER,"CORTONA DR",0.00,,Y,A,-,N,,,,,,,,,,Y,3,0,1,2,A,-,09,21801,A,N,D,C,A,A,H,-,A,D,0,,,,,Y,,A,01,0,1,0,0,0,0,0,0,0,"- ","- ",,,"SANTA BARBARA",GOLETA,-119.8681224,34.430284899999997
5486890,2012,2013-09-24,9760,2012-02-06,0145,19884,,1,3,9,4200,0,1,2,,2,020,"RT 101","CALLE REAL",82.00,S,N,A,-,Y,SB,5,101,-,-,18.850,R,2,N,Y,3,0,2,1,A,-,01,23152,A,N,E,I,A,A,H,-,D,A,1,,,,,Y,Y,D,22,0,2,0,0,0,0,0,0,0,TO,"- ",34.441229999999997,-119.76931,"SANTA BARBARA",UNINCORPORATED,-119.76714242,34.441064840000003
5486892,2012,2013-07-06,9760,2012-02-17,2115,19452,,5,2,9,4200,0,3,5,,2,001,"HILL RD","OLIVE MILL RD",528.00,W,N,A,-,Y,,,,,,,,,,N,4,0,1,1,A,-,08,22107,,N,A,I,A,A,H,-,C,D,0,,,,,Y,,D,22,0,0,1,0,0,0,0,0,0,"- ","- ",34.418869999999998,-119.64205,"SANTA BARBARA",UNINCORPORATED,-119.64147174999999,34.418644110000002
5486894,2012,2013-09-24,9760,2012-02-20,1331,17374,,1,1,9,4200,0,1,2,,2,010,"RT 101","SAN YSIDRO RD",1056.00,S,N,B,-,Y,SB,5,101,-,-,9.820,H,-,N,Y,2,0,3,3,A,-,04,21703,,N,C,C,A,A,H,-,A,D,1,,,,,Y,,D,22,1,1,1,0,0,0,0,0,0,"- ","- ",34.421300000000002,-119.62706,"SANTA BARBARA",UNINCORPORATED,-119.62731817,34.421297119999998
5487374,2012,2013-07-06,4203,2012-02-01,1542,2661,,3,5,5,4203,0,0,0,,0,005,"DE LA VINA ST","STATE ST",0.00,,Y,A,-,N,,,,,,,,,,Y,3,0,2,2,A,-,03,22350,,N,C,C,A,A,H,-,A,A,0,,,,,Y,,-,"- ",0,1,1,0,0,0,0,0,0,"- ","- ",34.2624,-119.4348,"SANTA BARBARA","SANTA BARBARA",-119.73059244,34.440344830000001
5487378,2012,2013-07-06,4203,2012-02-06,1544,2386,,1,5,5,4203,0,0,0,,0,004,"W CARRILLO ST","CASTILLO ST",40.00,E,N,B,-,N,,,,,,,,,,Y,4,0,1,3,A,-,03,22350,,N,C,C,A,A,H,-,A,A,0,,,,,Y,,-,"- ",0,0,1,0,0,0,0,0,0,"- ","- ",34.250259999999997,-119.42225000000001,"SANTA BARBARA","SANTA BARBARA",-119.70633064,34.41738196
5487382,2012,2013-07-06,4203,2012-02-06,1438,1584,,1,5,5,4203,0,0,0,,0,003,"GARDEN ST","CANON PERDIDO ST",0.00,,Y,B,-,N,,,,,,,,,,N,3,0,1,2,A,-,12,22450,A,N,D,G,A,A,H,-,A,D,0,,Y,,,Y,,L,04,0,1,0,0,0,0,1,0,0,"- ","- ",34.252200000000002,-119.41500000000001,"SANTA BARBARA","SANTA BARBARA",-119.69719234999999,34.423764859999999
5487386,2012,2013-07-06,4203,2012-02-01,2049,0758,,3,5,5,4203,0,0,0,,0,005,"LA COLINA RD","MESA VERDE",528.00,W,N,A,-,N,,,,,,,,,,Y,3,0,1,2,A,-,08,22107,,N,C,E,A,A,H,-,C,D,0,,,,,Y,,-,"- ",0,1,0,0,0,0,0,0,0,"- ","- ",34.2637,-119.4526,"SANTA BARBARA","SANTA BARBARA",-119.75777213000001,34.444211090000003
5487390,2012,2013-07-06,4203,2012-02-01,1103,6700,44,3,5,5,4203,0,0,0,,0,003,"SANTA BARBARA ST","CANON PERDIDO ST",11.00,N,N,A,-,N,,,,,,,,,,N,4,0,1,2,A,-,10,21950,A,N,G,-,B,A,H,-,A,A,0,Y,,,,Y,,-,"- ",0,0,1,0,1,0,0,0,0,"- ","- ",,,"SANTA BARBARA","SANTA BARBARA",-119.6983297,34.422734869999999
5487394,2012,2013-07-06,4203,2012-02-02,0640,6700,63,4,5,5,4203,0,0,0,,0,001,"S SALINAS ST","PUNTA GORDA ST",111.00,S,N,A,-,N,,,,,,,,,,N,3,0,1,2,A,-,09,21804,A,N,D,G,A,A,H,-,C,A,0,,Y,,,Y,,L,04,0,1,0,0,0,0,1,0,0,"- ","- ",34.252229999999997,-119.40044,"SANTA BARBARA","SANTA BARBARA",-119.66789249,34.422967849999999
5487398,2012,2013-07-06,4203,2012-02-01,1649,8825,,3,5,5,4203,0,0,0,,0,002,"OLIVE MILL RD","COAST VILLAGE RD",0.00,,Y,A,-,N,,,,,,,,,,N,4,0,1,2,A,-,09,21802,A,N,D,G,A,A,H,-,B,A,0,,Y,,,Y,,-,"- ",0,0,1,0,0,0,1,0,0,"- ","- ",34.251719999999999,-119.38236000000001,"SANTA BARBARA","SANTA BARBARA",-119.63991231999999,34.421524929999997
5487601,2012,2013-06-15,4203,2012-01-23,1526,3140,,1,5,5,4203,0,0,0,,0,004,"HALEY ST","CHAPALA ST",0.00,,Y,A,-,N,,,,,,,,,,Y,4,0,2,2,D,-,00,,,N,B,C,A,A,H,-,A,A,0,,,,,Y,,-,"- ",0,0,2,0,0,0,0,0,0,"- ","- ",34.245660000000001,-119.4148,"SANTA BARBARA","SANTA BARBARA",-119.69667235,34.415764899999999
5487609,2012,2013-06-15,4203,2012-01-24,1812,6031,SANTA,2,5,5,4203,0,0,0,,0,002,"W MONTECITO ST","CLIFF DR",300.00,W,N,A,-,N,,,,,,,,,,Y,4,0,1,5,A,-,03,22350,,N,C,C,A,A,H,-,C,D,0,,,,,Y,,-,"- ",0,0,1,0,0,0,0,0,0,"- ","- ",34.243099999999998,-119.4157,"SANTA BARBARA","SANTA BARBARA",-119.69876298,34.409438119999997
5487649,2012,2013-09-18,9750,2012-01-10,1230,14358,,2,1,9,4200,0,1,2,,2,003,"RT 101","BAR M RANCH TURN THROUGH",1056.00,N,N,A,-,Y,SB,5,101,-,-,68.090,H,-,S,N,4,0,1,1,C,-,18,,,N,E,I,A,A,H,-,A,D,1,,,,,Y,,-,"- ",0,0,1,0,0,0,0,0,0,"- ","- ",34.726909999999997,-120.22653,"SANTA BARBARA",UNINCORPORATED,-120.22202067000001,34.725949290000003
5487668,2012,2013-08-12,4204,2012-01-24,1538,22807,82,2,5,5,4204,0,0,0,,0,003,BETTERAVIA,MILLER,0.00,,Y,A,-,N,,,,,,,,,,Y,4,0,1,2,A,-,03,22350,,N,C,C,A,A,H,-,A,A,0,,,,,Y,,-,"- ",0,0,1,0,0,0,0,0,0,"- ","- ",,,"SANTA BARBARA","SANTA MARIA",-120.43135251,34.922544870000003
5487672,2012,2013-06-22,4204,2012-01-24,1512,21338,87,2,5,5,4204,0,0,0,,0,003,"SKYWAY DR","FAIRWAY DR",1750.00,S,N,A,-,N,,,,,,,,,,Y,4,0,1,1,A,-,08,22107,,N,E,I,A,A,H,-,A,A,0,,,,,Y,,A,01,0,0,1,0,0,0,0,0,0,"- ","- ",,,"SANTA BARBARA","SANTA MARIA",-120.45423262,34.908628749999998
5487673,2012,2013-06-15,9750,2012-01-16,0950,14358,,1,1,9,4200,0,3,5,,2,020,"HILLVIEW RD","SANTA MARIA WY",3.00,S,N,A,-,N,,,,,,,,,,N,4,0,1,2,A,-,21,22106,,N,D,G,A,A,H,-,A,A,0,,Y,,,Y,,A,01,0,0,1,0,0,0,1,0,0,"- ","- ",34.522709999999996,-120.25341,"SANTA BARBARA",UNINCORPORATED,-120.42479116,34.898010540000001
5487675,2012,2013-09-18,9750,2012-01-08,2050,17016,,7,2,9,4200,0,1,2,,2,003,"RT 101","ALISOS CANYON RD",5808.00,N,N,A,-,Y,SB,5,101,-,-,69.900,H,-,N,Y,3,0,1,1,A,-,08,22107,,N,F,A,A,A,H,-,D,D,1,,,,,Y,,A,08,0,1,0,0,0,0,0,0,0,"- ","- ",34.736699999999999,-120.2547,"SANTA BARBARA",UNINCORPORATED,-120.25300731999999,34.73642761
5488981,2012,2013-12-27,4204,2012-02-13,1810,23499,75,1,5,5,4204,0,0,0,,0,003,"SOUTH BROADWAY","NEWLOVE DR",0.00,,Y,B,-,Y,SB,5,135,-,-,14.170,H,-,S,N,4,0,2,2,A,-,12,21453,A,N,D,D,A,B,H,-,C,A,0,,,,,Y,,-,"- ",0,0,2,0,0,0,0,0,0,"- ","- ",,,"SANTA BARBARA","SANTA MARIA",-120.43613258000001,34.929861649999999
5489152,2012,2013-09-20,9755,2012-02-10,1625,12436,,5,2,9,4200,0,1,3,,2,041,"RT 246","HIGH MEADOW DR",10.00,E,N,A,-,Y,SB,5,246,-,-,30.370,H,-,W,N,4,0,1,3,A,-,03,22350,,N,C,C,A,A,H,-,A,A,0,,,,,Y,,D,22,0,0,1,0,0,0,0,0,0,"- ","- ",34.599620000000002,-120.12669,"SANTA BARBARA",UNINCORPORATED,-120.12729498,34.599295060000003
5489160,2012,2013-09-24,9755,2012-02-08,1148,13618,,3,1,9,4200,0,1,3,,1,051,"RT 1","SAN JULIAN RD",29040.00,N,N,A,-,Y,SB,5,101,-,R,5.820,H,-,S,Y,4,0,1,1,A,-,08,22107,,N,E,I,A,A,H,-,A,D,0,,,,,Y,,D,22,0,0,1,0,0,0,0,0,0,"- ","- ",34.517769999999999,-120.32171,"SANTA BARBARA",UNINCORPORATED,-119.56053323,34.416034179999997
5489184,2012,2013-09-12,9755,2012-01-16,1525,017378,,1,2,9,4200,0,1,3,,2,041,"RT 246","REFUGIO RD",500.00,W,N,A,-,Y,SB,5,246,-,-,32.030,H,-,E,Y,3,0,1,2,A,-,09,21804,A,N,D,C,A,A,H,-,A,A,0,,,,,Y,,A,01,0,1,0,0,0,0,0,0,0,"- ","- ",34.606780000000001,-120.1001,"SANTA BARBARA",UNINCORPORATED,-120.09995695000001,34.606644840000001
5461583,2012,2013-09-12,9760,2012-01-09,1505,018021,,1,2,9,4200,0,1,3,,1,014,"RT 192","LIVE OAKS RD",32.00,E,N,A,-,Y,SB,5,192,-,-,9.170,H,-,W,Y,3,0,1,1,A,-,01,23152,A,N,E,I,A,A,H,-,A,D,0,,,,,Y,Y,A,01,0,1,0,0,0,0,0,0,0,"- ","- ",34.439120000000003,-119.62129,"SANTA BARBARA",UNINCORPORATED,-119.62643298,34.436950580000001
5461587,2012,2013-09-13,9760,2012-01-09,2344,019777,,1,3,3,4205,0,1,2,,2,010,"RT 101","REYNOLDS AV",3960.00,N,N,A,-,Y,SB,5,101,-,-,3.810,H,-,N,Y,3,0,3,1,A,-,08,22107,,N,E,I,A,A,H,-,D,D,1,,,,,Y,,A,01,0,2,1,0,0,0,0,0,0,"- ","- ",34.402560000000001,-119.5213,"SANTA BARBARA",CARPINTERIA,-119.52771563,34.403620709999998