CASE_ID,ACCIDENT_YEAR,PROC_DATE,JURIS,COLLISION_DATE,COLLISION_TIME,OFFICER_ID,REPORTING_DISTRICT,DAY_OF_WEEK,CHP_SHIFT,POPULATION,CNTY_CITY_LOC,SPECIAL_COND,BEAT_TYPE,CHP_BEAT_TYPE,CITY_DIVISION_LAPD,CHP_BEAT_CLASS,BEAT_NUMBER,PRIMARY_RD,SECONDARY_RD,DISTANCE,DIRECTION,INTERSECTION,WEATHER_1,WEATHER_2,STATE_HWY_IND,CALTRANS_COUNTY,CALTRANS_DISTRICT,STATE_ROUTE,ROUTE_SUFFIX,POSTMILE_PREFIX,POSTMILE,LOCATION_TYPE,RAMP_INTERSECTION,SIDE_OF_HWY,TOW_AWAY,COLLISION_SEVERITY,NUMBER_KILLED,NUMBER_INJURED,PARTY_COUNT,PRIMARY_COLL_FACTOR,PCF_CODE_OF_VIOL,PCF_VIOL_CATEGORY,PCF_VIOLATION,PCF_VIOL_SUBSECTION,HIT_AND_RUN,TYPE_OF_COLLISION,MVIW,PED_ACTION,ROAD_SURFACE,ROAD_COND_1,ROAD_COND_2,LIGHTING,CONTROL_DEVICE,CHP_ROAD_TYPE,PEDESTRIAN_ACCIDENT,BICYCLE_ACCIDENT,MOTORCYCLE_ACCIDENT,TRUCK_ACCIDENT,NOT_PRIVATE_PROPERTY,ALCOHOL_INVOLVED,STWD_VEHTYPE_AT_FAULT,CHP_VEHTYPE_AT_FAULT,COUNT_SEVERE_INJ,COUNT_VISIBLE_INJ,COUNT_COMPLAINT_PAIN,COUNT_PED_KILLED,COUNT_PED_INJURED,COUNT_BICYCLIST_KILLED,COUNT_BICYCLIST_INJURED,COUNT_MC_KILLED,COUNT_MC_INJURED,PRIMARY_RAMP,SECONDARY_RAMP,LATITUDE,LONGITUDE,COUNTY,CITY,POINT_X,POINT_Y
5463898,2012,2013-06-21,4203,2012-01-11,1828,6113,,3,5,5,4203,0,0,0,,0,003,"E COTA ST","GARDEN ST",2.00,W,N,A,-,N,,,,,,,,,,N,3,0,1,2,A,-,10,21950,A,N,G,B,B,A,H,-,C,A,0,Y,,,,Y,,-,"- ",0,1,0,0,1,0,0,0,0,"- ","- ",,,"SANTA BARBARA","SANTA BARBARA",-119.69341685000001,34.420950699999999
5465043,2012,2013-06-15,4200,2012-01-11,1132,3116,14,3,5,4,4214,0,0,0,,0,060,"HOLLISTER AV","ORANGE AV",0.00,,N,A,-,N,,,,,,,,,,N,3,0,1,2,A,-,11,21950,B,N,G,B,B,A,H,-,A,A,0,Y,,,,Y,,N,60,0,1,0,0,1,0,0,0,0,"- ","- ",,,"SANTA BARBARA",GOLETA,-119.8291224,34.436004879999999
5465442,2012,2013-06-14,4200,2012-01-02,1317,3683,14,1,5,4,4214,0,0,0,,0,060,"WARD DR","HOLLISTER AV",85.00,S,N,A,-,N,,,,,,,,,,N,4,0,1,2,A,-,03,22350,,N,C,C,A,A,H,-,A,D,0,,,,,Y,Y,D,22,0,0,1,0,0,0,0,0,0,"- ","- ",,,"SANTA BARBARA",GOLETA,-119.81693989999999,34.435025600000003
5465460,2012,2013-06-22,4200,2012-01-10,1827,4161,6,2,5,2,4206,0,0,0,,0,,"OAK ST","5TH ST",130.00,E,N,A,-,N,,,,,,,,,,N,2,0,1,2,A,-,09,21804,A,N,G,B,F,A,H,-,D,D,0,Y,,,,Y,,D,22,1,0,0,0,1,0,0,0,0,"- ","- ",,,"SANTA BARBARA",SOLVANG,-120.14489097000001,34.594467729999998
5467056,2012,2013-09-13,4204,2012-01-14,1645,18261,51,6,5,5,4204,0,0,0,,0,002,BROADWAY,"ORANGE ST",45.00,S,N,A,-,Y,SB,5,135,-,-,15.460,H,-,S,Y,4,0,2,2,A,-,09,21801,A,N,A,D,A,A,H,-,A,A,0,,,,,Y,,A,01,0,0,2,0,0,0,0,0,0,"- ","- ",,,"SANTA BARBARA","SANTA MARIA",-120.43599738,34.948529030000003
5467064,2012,2013-09-17,4204,2012-01-13,1130,21199,031,5,5,5,4204,0,0,0,,0,002,"RT 166 MAIN ST","HANSON RD",75.00,E,N,A,-,Y,SB,5,166,-,-,6.530,H,-,E,Y,3,0,2,2,A,-,09,21801,A,N,D,C,A,A,H,-,A,D,0,,,,,Y,,-,"- ",0,1,1,0,0,0,0,0,0,"- ","- ",,,"SANTA BARBARA","SANTA MARIA",-120.45957662000001,34.953294499999998
5467088,2012,2013-06-15,4204,2012-01-11,0823,21199,022,3,5,5,4204,0,0,0,,0,001,"CENTENNIAL DR","WINCHESTER AV",0.00,,Y,A,-,N,,,,,,,,,,Y,4,0,2,2,A,-,09,21802,A,N,D,C,A,A,H,-,A,A,0,,,,,Y,,-,"- ",0,0,2,0,0,0,0,0,0,"- ","- ",,,"SANTA BARBARA","SANTA MARIA",-120.40334249,34.963294900000001
5467099,2012,2013-06-15,4204,2012-01-15,2301,22104,56,7,5,5,4204,0,0,0,,0,002,"PARK ST","SMITH ST",0.00,,Y,A,-,N,,,,,,,,,,Y,4,0,1,3,A,-,01,23153,A,N,D,C,A,A,H,-,C,A,0,,,,,Y,Y,A,01,0,0,1,0,0,0,0,0,0,"- ","- ",,,"SANTA BARBARA","SANTA MARIA",-120.4426625,34.9445549
5467100,2012,2013-06-15,4204,2012-01-07,1342,18261,60,6,5,5,4204,0,0,0,,0,003,BLOSSER,STOWELL,0.00,,Y,A,-,N,,,,,,,,,,Y,4,0,1,3,A,-,12,21453,A,N,D,D,A,A,H,-,A,A,0,,,,,Y,,A,01,0,0,1,0,0,0,0,0,0,"- ","- ",,,"SANTA BARBARA","SANTA MARIA",-120.4538225,34.938764849999998
5473295,2012,2013-06-08,9750,2012-01-11,1505,011821,9750,3,2,9,4200,0,2,4,,1,024,"FOSTER RD","SILVER LEAF DR",10.00,W,N,A,-,N,,,,,,,,,,Y,4,0,1,2,A,-,03,22350,,N,C,C,A,A,H,-,A,D,0,,,,,Y,,D,22,0,0,1,0,0,0,0,0,0,"- ","- ",34.5259,-120.25416,"SANTA BARBARA",UNINCORPORATED,-120.42827594000001,34.883055509999998
5473303,2012,2013-09-12,9750,2012-01-07,1330,015915,,6,1,9,4200,0,1,3,,1,062,"RT 166","PINE CANYON RD",12144.00,E,N,A,-,Y,SB,5,166,-,R,27.200,H,-,W,Y,4,0,2,1,A,-,08,22107,,N,F,A,A,A,H,-,A,D,0,,,,,Y,,E,22,0,0,2,0,0,0,0,0,0,"- ","- ",35.05039,-120.18168,"SANTA BARBARA",UNINCORPORATED,-120.18351155000001,35.047148780000001
5473307,2012,2013-09-12,9750,2012-01-14,0435,015514,,6,3,9,4200,0,1,3,,1,064,"RT 166","WASIOJO RD",12672.00,W,N,A,-,Y,SB,5,166,-,-,56.110,H,-,W,Y,3,0,1,1,A,-,08,22107,,N,E,I,A,A,H,-,D,D,0,,,,,Y,,D,22,0,1,0,0,0,0,0,0,0,"- ","- ",34,-120,"SANTA BARBARA",UNINCORPORATED,-119.81805598,34.999729180000003
5474797,2012,2013-09-17,4200,2012-01-11,1841,4041,,3,5,2,4206,0,0,0,,0,,"MISSION DR","5TH ST",345.00,W,N,A,-,Y,SB,5,246,-,-,29.170,H,-,E,Y,4,0,1,2,A,-,03,22350,,N,C,C,A,A,H,-,C,A,0,,,,,Y,,A,07,0,0,1,0,0,0,0,0,0,"- ","- ",,,"SANTA BARBARA",SOLVANG,-120.1468596,34.595396360000002
5475623,2012,2013-06-22,4204,2012-01-12,1535,21338,040,4,5,5,4204,0,0,0,,0,002,WESTERN,"MAIN ST",175.00,S,N,A,-,N,,,,,,,,,,N,3,0,1,2,A,-,05,21202,A,N,D,G,A,A,H,-,A,D,0,,Y,,,Y,,L,04,0,1,0,0,0,0,1,0,0,"- ","- ",,,"SANTA BARBARA","SANTA MARIA",-120.44933996,34.952844200000001
5475635,2012,2013-06-22,4204,2012-01-06,1211,23073,60,5,5,5,4204,0,0,0,,0,003,STOWELL,WESTERN,8.00,E,N,A,-,N,,,,,,,,,,N,4,0,1,2,A,-,03,22350,,N,C,C,A,A,H,-,A,A,0,,,,,Y,,D,22,0,0,1,0,0,0,0,0,0,"- ","- ",,,"SANTA BARBARA","SANTA MARIA",-120.44954593999999,34.93870441
5475639,2012,2013-09-13,4204,2012-01-05,1639,90123,43,4,5,5,4204,0,0,0,,0,002,"RT 135","COOK ST",130.00,N,N,A,-,Y,SB,5,135,-,-,15.570,H,-,S,N,4,0,1,2,A,-,"- ",,,N,C,C,A,A,H,-,A,A,0,,,,,Y,,D,22,0,0,1,0,0,0,0,0,0,"- ","- ",,,"SANTA BARBARA","SANTA MARIA",-120.43598574000001,34.950065989999999
5482457,2012,2013-06-10,9750,2012-01-31,0850,11821,,2,1,9,4200,0,3,5,,2,030,"FOXEN CANYON RD","DOMINION RD",1584.00,E,N,A,-,N,,,,,,,,,,Y,4,0,1,1,A,-,08,22107,,N,E,I,A,A,H,-,A,D,0,,,,Y,Y,,F,26,0,0,1,0,0,0,0,0,0,"- ","- ",34.543109999999999,-120.20346000000001,"SANTA BARBARA",UNINCORPORATED,-120.34232974,34.908564749999996
5482616,2012,2013-09-17,4203,2012-01-04,1226,7083,,3,5,5,4203,0,0,0,,0,006,"RT 225","CAMINO CALMA",0.00,,Y,A,-,Y,SB,5,225,-,-,2.620,I,5,W,Y,4,0,2,2,A,-,09,21802,A,N,D,C,A,A,H,-,A,D,0,,,,,Y,,-,"- ",0,0,2,0,0,0,0,0,0,"- ","- ",34.402299999999997,-119.72490000000001,"SANTA BARBARA","SANTA BARBARA",-119.72478472,34.402152919999999
5482893,2012,2013-12-02,9760,2012-01-26,0830,19446,,4,1,9,4200,0,1,2,,2,010,"RT 101","SOUTH PADARO LN",800.00,S,N,A,-,Y,SB,5,101,-,R,5.130,H,-,N,N,4,0,1,3,A,-,03,22350,,N,C,C,A,A,H,-,A,A,1,,,,,Y,,D,22,0,0,1,0,0,0,0,0,0,"- ","- ",34.407609999999998,-119.54841,"SANTA BARBARA",UNINCORPORATED,-119.54999737999999,34.408788979999997
5482899,2012,2013-09-24,9760,2012-01-29,1125,19446,,7,1,9,4200,0,1,2,,1,030,"RT 101","GLENN ANNIE RD",324.00,S,N,A,-,Y,SB,5,101,-,-,24.284,R,1,N,Y,3,0,1,2,A,-,03,22350,,N,C,C,A,A,H,-,A,A,1,,,,,Y,,D,22,0,1,0,0,0,0,0,0,0,TO,"- ",34.261360000000003,-119.52213999999999,"SANTA BARBARA",UNINCORPORATED,-119.86276243,34.436014839999999
5489288,2012,2013-10-24,4204,2012-02-07,1944,20894,49,2,5,5,4204,0,0,0,,0,002,MAIN,PALISADE,0.00,,Y,A,-,N,,,,,,,,,,Y,4,0,2,2,A,-,01,23152,A,N,C,C,A,A,H,-,B,D,0,,,,,Y,Y,-,"- ",0,0,2,0,0,0,0,0,0,"- ","- ",,,"SANTA BARBARA","SANTA MARIA",-120.41211255,34.952874819999998
5489355,2012,2013-09-27,4204,2012-02-02,1343,15943,88,4,5,5,4204,0,0,0,,0,003,"RT 135","SANTA MARIA WAY",0.00,,Y,A,-,Y,SB,5,135,-,-,13.000,I,5,N,Y,4,0,1,2,-,-,"- ",,,N,B,C,A,A,H,-,A,A,0,,,,,Y,,-,"- ",0,0,1,0,0,0,0,0,0,"- ","- ",,,"SANTA BARBARA","SANTA MARIA",-120.43584257000001,34.912912519999999
5489359,2012,2013-07-19,4204,2012-02-03,0839,18261,32,5,5,5,4204,0,0,0,,0,002,"DEPOT ST","MAIN ST",225.00,N,N,A,-,N,,,,,,,,,,Y,3,0,1,2,A,-,04,21703,,N,H,A,A,A,H,-,A,D,0,,,Y,,Y,,C,02,0,1,0,0,0,0,0,0,1,"- ","- ",,,"SANTA BARBARA","SANTA MARIA",-120.44396783000001,34.95377225
5490684,2012,2013-07-09,9750,2012-02-23,1140,11821,9750,4,1,9,4200,0,3,5,,2,020,"GRACIOSA RD","ELKHORN LN",6336.00,S,N,A,-,N,,,,,,,,,,N,3,0,1,3,A,-,06,21750,,N,C,G,A,A,H,-,A,D,0,,Y,,,Y,,D,22,0,1,0,0,0,0,1,0,0,"- ","- ",34.84525,-120.45132,"SANTA BARBARA",UNINCORPORATED,-120.4512256,34.843616019999999
5490704,2012,2013-07-09,9750,2012-02-12,1310,12697,,7,1,9,4200,0,2,4,,1,024,"CLARK AV","BRADLEY RD",75.00,W,N,A,-,N,,,,,,,,,,Y,4,0,1,2,A,-,03,22350,,N,C,C,A,A,H,-,A,A,0,,,,,Y,Y,A,01,0,0,1,0,0,0,0,0,0,"- ","- ",34.864840000000001,-120.41921000000001,"SANTA BARBARA",UNINCORPORATED,-120.41903241999999,34.864978239999999
5490803,2012,2013-07-11,9750,2012-02-04,1731,17548,,6,2,9,4200,0,2,4,,1,024,"KENNETH AV","CLARK AV",0.00,,Y,A,-,N,,,,,,,,,,Y,4,0,3,2,A,-,01,23153,A,N,D,C,A,A,H,-,A,D,0,,,,,Y,,A,01,0,0,3,0,0,0,0,0,0,"- ","- ",34.865169999999999,-120.40928,"SANTA BARBARA",UNINCORPORATED,-120.40930258,34.865054909999998
5490811,2012,2013-07-11,9750,2012-02-06,1635,13766,,1,2,9,4200,0,2,4,,1,024,"LAKEVIEW RD","ORCUTT RD",0.00,,Y,A,-,N,,,,,,,,,,Y,4,0,1,2,A,-,09,21802,A,N,D,C,A,A,H,-,A,A,0,,,,,Y,,A,07,0,0,1,0,0,0,0,0,0,"- ","- ",34.894300000000001,-120.43595000000001,"SANTA BARBARA",UNINCORPORATED,-120.43609259999999,34.894514919999999
5490815,2012,2013-09-24,9750,2012-02-01,2226,15514,,3,3,9,4200,0,1,2,,2,001,"RT 101","SANTA MARIA WY",1056.00,N,N,A,-,Y,SB,5,101,-,-,84.570,H,-,S,N,4,0,1,2,A,-,03,22350,,F,C,C,A,A,H,-,D,D,0,,,,,Y,,-,99,0,0,1,0,0,0,0,0,0,"- ","- ",34.898829999999997,-120.4183,"SANTA BARBARA",UNINCORPORATED,-120.41834584999999,34.895646540000001
5491131,2012,2013-06-24,4202,2012-01-11,1534,286,,3,5,4,4202,0,0,0,,0,,"PINE AV","H ST",1230.00,W,N,A,-,N,,,,,,,,,,N,4,0,1,2,A,-,04,21703,,N,C,C,A,A,H,-,A,D,0,,,,,Y,,A,01,0,0,1,0,0,0,0,0,0,"- ","- ",,,"SANTA BARBARA",LOMPOC,-120.46195997,34.650224790000003
5491180,2012,2013-06-24,4202,2012-01-25,2304,295,LOMPO,3,5,4,4202,0,0,0,,0,,"AIRPORT AV","LILAC ST",20.50,E,N,A,-,N,,,,,,,,,,Y,3,0,1,4,A,-,01,23152,A,N,B,E,A,-,H,-,D,D,0,,,,,Y,Y,A,01,0,1,0,0,0,0,0,0,0,"- ","- ",,,"SANTA BARBARA",LOMPOC,-120.45089280000001,34.648544010000002
5491612,2012,2013-07-16,4202,2012-02-22,1626,22,,3,5,4,4202,0,0,0,,0,,"COLLEGE AV","G ST",61.00,W,N,A,-,N,,,,,,,,,,Y,4,0,1,2,A,-,04,21703,,N,C,D,A,A,H,-,A,D,0,,,,,Y,,D,22,0,0,1,0,0,0,0,0,0,"- ","- ",,,"SANTA BARBARA",LOMPOC,-120.45672534000001,34.64699641
5484440,2012,2013-06-12,4203,2012-01-03,1542,0673,,2,5,5,4203,0,0,0,,0,006,"CARRILLO ST","SAN ANDRES ST",0.00,,Y,A,-,N,,,,,,,,,,N,3,0,3,2,A,-,09,21801,A,N,D,C,A,A,H,-,A,A,0,,,,,Y,,A,01,0,1,2,0,0,0,0,0,0,"- ","- ",,,"SANTA BARBARA","SANTA BARBARA",-119.71067243,34.414804830000001
5484478,2012,2013-06-17,4203,2012-01-04,1230,4726,,3,5,5,4203,0,0,0,,0,004,"CHAPALA ST","COTA ST",0.00,,Y,A,-,N,,,,,,,,,,N,4,0,1,2,A,-,10,21950,A,N,G,B,B,A,H,-,A,A,0,Y,,,,Y,,-,"- ",0,0,1,0,1,0,0,0,0,"- ","- ",34.24597,-119.41526,"SANTA BARBARA","SANTA BARBARA",-119.69794233,34.416694890000002
5484603,2012,2013-06-12,4203,2012-01-10,0851,4456,,2,5,5,4203,0,0,0,,0,005,"CALLE REAL","PESETAS LN",75.00,E,N,A,-,N,,,,,,,,,,Y,3,0,1,1,A,-,03,22350,,N,H,J,A,A,H,-,A,D,0,,,,,Y,,-,"- ",0,1,0,0,0,0,0,0,0,"- ","- ",34.262909999999998,-119.45292999999999,"SANTA BARBARA","SANTA BARBARA",-119.75816752,34.441479819999998
5484606,2012,2013-06-17,4203,2012-01-08,1145,6048,,7,5,5,4203,0,0,0,,0,003,"ANACAPA ST","COTA ST",0.00,,Y,A,-,N,,,,,,,,,,Y,3,0,2,2,A,-,12,21453,A,N,D,C,A,A,H,-,A,D,0,,,,,Y,,-,"- ",0,2,0,0,0,0,0,0,0,"- ","- ",34.250770000000003,-119.41444,"SANTA BARBARA","SANTA BARBARA",-119.69564243000001,34.418854920000001
5484607,2012,2013-06-26,4203,2012-01-07,1530,3510,,6,5,5,4203,0,0,0,,0,001,"COTA ST","ALISOS ST",232.00,E,N,A,-,N,,,,,,,,,,Y,3,0,1,2,A,-,09,21804,A,N,D,C,A,A,H,-,A,D,0,,,,,Y,,-,"- ",0,1,0,0,0,0,0,0,0,"- ","- ",,,"SANTA BARBARA","SANTA BARBARA",-119.68497852,34.428835839999998
5484609,2012,2013-06-17,4203,2012-01-08,2030,6112,4203,7,5,5,4203,0,0,0,,0,004,"BATH ST","COTA ST",0.00,,Y,A,-,N,,,,,,,,,,N,2,0,1,2,D,-,00,,,F,H,G,A,A,H,-,D,A,0,,Y,,,Y,Y,-,"- ",1,0,0,0,0,0,1,0,0,"- ","- ",34.245240000000003,-119.42006000000001,"SANTA BARBARA","SANTA BARBARA",-119.70017231999999,34.414594889999996
5484612,2012,2013-06-26,4203,2012-01-05,1655,3598,SBC,4,5,5,4203,0,0,0,,0,002,"CORONEL PL","SAN PASCUAL ST",173.00,E,N,A,-,N,,,,,,,,,,N,4,0,1,2,A,-,08,22107,,N,B,E,A,A,H,-,A,D,0,,,,,Y,,-,"- ",0,0,1,0,0,0,0,0,0,"- ","- ",34.243989999999997,-119.42063,"SANTA BARBARA","SANTA BARBARA",-119.70190443,34.410851839999999
5484613,2012,2013-06-17,4203,2012-01-05,0756,2661,,4,5,5,4203,0,0,0,,0,005,"VISTA DE LA CUMBRE","PASEO DEL REFUGIO",0.00,,Y,A,-,N,,,,,,,,,,N,3,0,1,2,A,-,10,21950,A,N,G,B,-,A,H,-,A,D,0,Y,,,,Y,,-,"- ",0,1,0,0,1,0,0,0,0,"- ","- ",,,"SANTA BARBARA","SANTA BARBARA",-119.72737238000001,34.442584859999997
5484614,2012,2013-06-17,4203,2012-01-08,0114,2524,,7,5,5,4203,0,0,0,,0,003,"E ORTEGA ST","ANACAPA ST",130.00,E,N,A,-,N,,,,,,,,,,Y,4,0,1,2,A,-,01,23152,A,N,H,E,A,A,H,-,C,A,0,,,,,Y,Y,-,"- ",0,0,1,0,0,0,0,0,0,"- ","- ",34.420290000000001,-119.69622,"SANTA BARBARA","SANTA BARBARA",-119.69661437000001,34.420060159999998
5484616,2012,2013-06-26,4203,2012-01-02,1850,5726,,1,5,5,4203,0,0,0,,0,004,"SOLA ST","CHAPALA ST",135.00,E,N,A,-,N,,,,,,,,,,Y,4,0,1,2,A,-,08,22107,,N,C,E,A,A,H,-,C,D,0,,,,,Y,,-,"- ",0,0,1,0,0,0,0,0,0,"- ","- ",34.424399999999999,-119.70780000000001,"SANTA BARBARA","SANTA BARBARA",-119.70787707,34.424483160000001
5485427,2012,2013-07-17,9750,2012-02-08,1300,14358,,3,1,9,4200,0,2,4,,1,024,"BRADLEY RD","DEL LAGO DR",0.00,,Y,A,-,N,,,,,,,,,,Y,2,0,1,2,A,-,12,21453,A,N,D,C,A,A,H,-,A,A,0,,,,,Y,,A,01,1,0,0,0,0,0,0,0,0,"- ","- ",34.532119999999999,-120.25138,"SANTA BARBARA",UNINCORPORATED,-120.42042256000001,34.889634880000003
5467108,2012,2013-06-15,4204,2012-01-07,1038,22807,12,6,5,5,4204,0,0,0,,0,001,CONCORD,CRESTON,0.00,,-,A,-,N,,,,,,,,,,N,4,0,1,2,A,-,21,22106,,N,D,C,A,A,H,-,A,D,0,,,,,Y,,-,"- ",0,0,1,0,0,0,0,0,0,"- ","- ",,,"SANTA BARBARA","SANTA MARIA",-120.41356249,34.970784909999999
5467112,2012,2013-09-13,4204,2012-01-06,1611,21199,056,5,5,5,4204,0,0,0,,0,002,"RT 135/BROADWAY","PARK ST",58.00,S,N,A,-,Y,SB,5,135,-,-,15.170,H,-,S,Y,4,0,3,2,A,-,03,22350,,N,C,C,A,A,H,-,A,A,0,,,,,Y,,-,"- ",0,0,3,0,0,0,0,0,0,"- ","- ",,,"SANTA BARBARA","SANTA MARIA",-120.43607364,34.944344700000002
5467120,2012,2013-06-15,4204,2012-01-10,1222,19527,074,2,5,5,4204,0,0,0,,0,003,"CARMEN LN","LINCOLN ST",4.00,E,N,A,-,N,,,,,,,,,,N,4,0,1,2,A,-,03,22350,,N,C,C,A,A,H,-,A,D,0,,,Y,,Y,,C,02,0,0,1,0,0,0,0,0,1,"- ","- ",,,"SANTA BARBARA","SANTA MARIA",-120.43774928000001,34.92482459
5468297,2012,2013-09-18,9760,2012-01-16,0850,16050,,1,1,9,4200,0,1,2,,2,011,"RT 101","SAN YSIDRO RD",1000.00,S,N,A,-,Y,SB,5,101,-,-,9.830,H,-,N,N,4,0,1,2,A,-,07,21658,A,N,E,I,A,A,H,-,A,D,1,,,,,Y,,D,22,0,0,1,0,0,0,0,0,0,"- ","- ",34.427529999999997,-119.73384,"SANTA BARBARA",UNINCORPORATED,-119.62747186999999,34.421332419999999
5468309,2012,2013-09-13,9760,2012-01-06,1619,18583,,5,2,5,4203,0,1,2,,2,011,"RT 101","MILPAS ST",1584.00,S,N,A,-,Y,SB,5,101,-,-,12.430,H,-,S,Y,4,0,1,2,A,-,03,22350,,N,C,C,A,A,H,-,A,C,1,,,,,Y,,D,22,0,0,1,0,0,0,0,0,0,"- ","- ",34.421970000000002,-119.66312000000001,"SANTA BARBARA","SANTA BARBARA",-119.67339583,34.419841130000002
5468772,2012,2013-12-12,9760,2012-01-15,0745,18991,,7,1,9,4200,0,1,2,,1,040,"RT 101","REFUGIO RD",4752.00,,N,A,-,Y,SB,5,101,-,R,37.570,H,-,S,Y,4,0,1,1,A,-,08,22107,,N,F,A,A,A,H,-,A,D,1,,,,,Y,,D,22,0,0,1,0,0,0,0,0,0,"- ","- ",34.461530000000003,-120.08235999999999,"SANTA BARBARA",UNINCORPORATED,-120.08479129,34.46151879
5469488,2012,2013-09-18,9750,2012-01-06,2123,18616,,5,2,5,4204,0,1,2,,2,001,"RT 101",BROADWAY,253.00,S,N,E,-,Y,SB,5,101,-,-,90.700,H,-,S,Y,3,0,3,2,A,-,08,22107,,N,F,I,A,A,H,-,C,D,0,,,,Y,Y,,D,22,0,2,1,0,0,0,0,0,0,"- ","- ",34.584899999999998,-120.2552,"SANTA BARBARA","SANTA MARIA",-120.4312225,34.980616320000003
5469723,2012,2013-08-05,4204,2012-01-18,1347,15943,400,3,5,5,4204,0,0,0,,0,002,BLACK,STOWELL,2640.00,N,N,A,-,N,,,,,,,,,,Y,4,0,1,2,A,-,05,21650,,N,B,C,A,A,H,-,A,D,0,,,,,Y,,-,"- ",0,0,1,0,0,0,0,0,0,"- ","- ",,,"SANTA BARBARA","SANTA MARIA",-120.48977615,34.94579572
5469727,2012,2013-06-27,4204,2012-01-14,1828,90123,9,6,5,5,4204,0,0,0,,0,001,"DONOVAN RD","THORNBURG ST",0.00,,Y,A,-,N,,,,,,,,,,N,4,0,3,3,A,-,09,21801,A,F,B,C,A,A,H,-,C,D,0,,,,,Y,,A,01,0,0,3,0,0,0,0,0,0,"- ","- ",,,"SANTA BARBARA","SANTA MARIA",-120.44011257,34.967734909999997
5518521,2012,2013-06-26,4203,2012-02-08,1419,2520,,3,5,5,4203,0,0,0,,0,001,"ALAMEDA PADRE SERRA","NEWTON RD",0.00,,Y,A,-,N,,,,,,,,,,N,4,0,1,2,A,-,08,22107,,N,B,C,A,A,H,-,A,D,0,,,,,Y,,-,"- ",0,0,1,0,0,0,0,0,0,"- ","- ",,,"SANTA BARBARA","SANTA BARBARA",-119.69294234,34.437284900000002
5518525,2012,2013-10-24,4203,2012-02-08,1630,0394,,3,5,5,4203,0,0,0,,0,002,"STATE ST","GUTIERREZ ST",347.00,S,N,A,-,N,,,,,,,,,,N,3,0,1,1,C,-,18,,,N,H,-,A,A,H,-,A,D,0,,Y,,,Y,,-,"- ",0,1,0,0,0,0,1,0,0,"- ","- ",,,"SANTA BARBARA","SANTA BARBARA",-119.69333812000001,34.415276210000002
5492126,2012,2013-10-24,4202,2012-02-05,1244,239,LOMPO,7,5,4,4202,0,0,0,,0,007,"A ST","NORTH AV",0.00,,Y,A,-,N,,,,,,,,,,Y,4,0,3,3,A,-,12,22450,,M,D,C,A,A,H,-,A,A,0,,,,,Y,,A,07,0,0,3,0,0,0,0,0,0,"- ","- ",,,"SANTA BARBARA",LOMPOC,-120.44885246,34.653314819999999
5492767,2012,2013-09-24,9760,2012-02-05,1622,019069,,7,2,5,4203,0,1,2,,2,011,"RT 101","CARRILLO ST",700.00,S,N,A,-,Y,SB,5,101,-,R,14.630,H,-,N,Y,4,0,1,2,A,-,07,21658,A,N,B,C,A,A,H,-,A,D,1,,,,,Y,,A,01,0,0,1,0,0,0,0,0,0,"- ","- ",34.249209999999998,-119.42337999999999,"SANTA BARBARA","SANTA BARBARA",-119.7047724,34.414444850000002
5492771,2012,2013-09-24,9760,2012-02-03,1558,019069,,5,2,5,4203,0,1,2,,2,011,"RT 101","MISSION ST",1000.00,N,N,A,-,Y,SB,5,101,-,R,15.950,H,-,S,N,4,0,2,2,A,-,03,22350,,M,C,C,A,A,H,-,A,A,1,,,,,Y,,A,01,0,0,2,0,0,0,0,0,0,"- ","- ",34.42653,-119.72523,"SANTA BARBARA","SANTA BARBARA",-119.7250402,34.426515330000001
5492775,2012,2013-09-24,9760,2012-02-10,1730,019452,,5,2,9,4200,0,1,2,,2,010,"RT 101","SHEFFIELD DR",1056.00,N,N,A,-,Y,SB,5,101,-,-,9.220,H,-,N,Y,4,0,2,4,A,-,03,22350,,N,C,C,A,A,H,-,C,D,1,,,,,Y,,A,01,0,0,2,0,0,0,0,0,0,"- ","- ",,,"SANTA BARBARA",UNINCORPORATED,-119.61782411999999,34.421508600000003
5493029,2012,2013-06-22,9760,2012-01-31,1835,18264,,2,2,9,4200,0,3,5,,2,005,"ABREGO RD","CAMINO PESCADERO",300.00,W,N,A,-,N,,,,,,,,,,N,4,0,1,2,A,-,03,22350,,N,H,J,A,A,H,-,D,D,0,,Y,,,Y,,L,04,0,0,1,0,0,0,1,0,0,"- ","- ",34.414070000000002,-119.86019,"SANTA BARBARA",UNINCORPORATED,-119.85973644000001,34.414202860000003