CASE_ID,ACCIDENT_YEAR,PROC_DATE,JURIS,COLLISION_DATE,COLLISION_TIME,OFFICER_ID,REPORTING_DISTRICT,DAY_OF_WEEK,CHP_SHIFT,POPULATION,CNTY_CITY_LOC,SPECIAL_COND,BEAT_TYPE,CHP_BEAT_TYPE,CITY_DIVISION_LAPD,CHP_BEAT_CLASS,BEAT_NUMBER,PRIMARY_RD,SECONDARY_RD,DISTANCE,DIRECTION,INTERSECTION,WEATHER_1,WEATHER_2,STATE_HWY_IND,CALTRANS_COUNTY,CALTRANS_DISTRICT,STATE_ROUTE,ROUTE_SUFFIX,POSTMILE_PREFIX,POSTMILE,LOCATION_TYPE,RAMP_INTERSECTION,SIDE_OF_HWY,TOW_AWAY,COLLISION_SEVERITY,NUMBER_KILLED,NUMBER_INJURED,PARTY_COUNT,PRIMARY_COLL_FACTOR,PCF_CODE_OF_VIOL,PCF_VIOL_CATEGORY,PCF_VIOLATION,PCF_VIOL_SUBSECTION,HIT_AND_RUN,TYPE_OF_COLLISION,MVIW,PED_ACTION,ROAD_SURFACE,ROAD_COND_1,ROAD_COND_2,LIGHTING,CONTROL_DEVICE,CHP_ROAD_TYPE,PEDESTRIAN_ACCIDENT,BICYCLE_ACCIDENT,MOTORCYCLE_ACCIDENT,TRUCK_ACCIDENT,NOT_PRIVATE_PROPERTY,ALCOHOL_INVOLVED,STWD_VEHTYPE_AT_FAULT,CHP_VEHTYPE_AT_FAULT,COUNT_SEVERE_INJ,COUNT_VISIBLE_INJ,COUNT_COMPLAINT_PAIN,COUNT_PED_KILLED,COUNT_PED_INJURED,COUNT_BICYCLIST_KILLED,COUNT_BICYCLIST_INJURED,COUNT_MC_KILLED,COUNT_MC_INJURED,PRIMARY_RAMP,SECONDARY_RAMP,LATITUDE,LONGITUDE,COUNTY,CITY,POINT_X,POINT_Y
5597260,2012,2013-08-10,4203,2012-04-05,1540,5726,SANTA,4,5,5,4203,0,0,0,,0,,"CHAPALA ST","DE LA GUERRA ST",0.00,,Y,A,-,N,,,,,,,,,,N,4,0,1,2,D,-,00,,,N,E,G,A,A,H,-,A,A,0,,Y,,,Y,Y,-,"- ",0,0,1,0,0,0,1,0,0,"- ","- ",34.250639999999997,-119.42018,"SANTA BARBARA","SANTA BARBARA",-119.70047233,34.418544859999997
5597261,2012,2013-08-19,4204,2012-04-15,2120,22104,87,7,5,5,4204,0,0,0,,0,003,"SKYWAY DR","FAIRWAY DR",66.00,S,N,A,-,N,,,,,,,,,,N,3,0,1,1,A,-,03,22350,,N,F,J,A,A,H,-,C,A,0,,,Y,,Y,,C,02,0,1,0,0,0,0,0,0,1,"- ","- ",,,"SANTA BARBARA","SANTA MARIA",-120.45418515999999,34.913253869999998
5597264,2012,2013-08-10,4203,2012-04-12,1130,5618,,4,5,5,4203,0,0,0,,0,001,"QUINIENTOS ST","S MILPAS",69.00,E,N,A,-,N,,,,,,,,,,N,3,0,1,1,A,-,08,22107,,N,E,I,A,A,H,-,A,A,0,,Y,,,Y,,L,04,0,1,0,0,0,0,1,0,0,"- ","- ",34.251959999999997,-119.40421000000001,"SANTA BARBARA","SANTA BARBARA",-119.67874531,34.421799800000002
5565160,2012,2014-01-24,9750,2012-04-07,1715,1726,,6,2,9,4200,0,1,2,,2,002,"RT 101","SOLOMON RD",3168.00,S,N,A,-,Y,SB,5,101,-,-,74.080,H,-,N,Y,4,0,1,2,A,-,03,22350,,N,C,C,A,A,H,-,A,D,1,,,,,Y,,D,22,0,0,1,0,0,0,0,0,0,"- ","- ",34.81673,-120.34866,"SANTA BARBARA",UNINCORPORATED,-120.30965080999999,34.773941499999999
5565164,2012,2014-01-08,9750,2012-04-07,1555,17267,,6,2,9,4200,0,1,3,,1,021,"RT 135","UNION VALLEY PKWY",80.00,N,N,A,-,Y,SB,5,135,-,-,10.720,H,-,N,Y,4,0,1,2,A,-,03,22350,,N,C,C,A,A,H,-,A,D,5,,,,,Y,,A,01,0,0,1,0,0,0,0,0,0,"- ","- ",,,"SANTA BARBARA",UNINCORPORATED,-120.43647903999999,34.879959739999997
5574753,2012,2014-02-18,4203,2012-04-03,0615,6381,25,2,5,5,4203,0,0,0,,0,006,"RT 225","PALISADES DR",0.00,,Y,A,-,Y,SB,5,225,-,-,2.490,I,5,W,Y,4,0,1,2,A,-,08,22107,,N,B,E,A,A,H,-,B,D,0,,,,,Y,,A,01,0,0,1,0,0,0,0,0,0,"- ","- ",34.24098,-119.43362999999999,"SANTA BARBARA","SANTA BARBARA",-119.72696105,34.402740399999999
5574757,2012,2013-08-19,4203,2012-04-02,1910,5207,,1,5,5,4203,0,0,0,,0,002,"YANONALI ST","STATE ST",26.00,E,N,A,-,N,,,,,,,,,,N,2,0,1,2,D,-,00,,,N,G,B,D,A,H,-,A,A,0,Y,,,,Y,,-,"- ",1,0,0,0,1,0,0,0,0,"- ","- ",34.245080000000002,-119.41295,"SANTA BARBARA","SANTA BARBARA",-119.69159749000001,34.414079780000002
5574761,2012,2013-08-20,4203,2012-04-01,1555,5207,,7,5,5,4203,0,0,0,,0,002,"SHORELINE DR","LA MARINA DR",1320.00,E,N,A,-,N,,,,,,,,,,N,3,0,1,1,A,-,03,22350,,N,H,I,A,A,H,-,A,D,0,,Y,,,Y,,L,04,0,1,0,0,0,0,1,0,0,"- ","- ",34.402500000000003,-119.6999,"SANTA BARBARA","SANTA BARBARA",-119.7003955,34.402118919999999
5574765,2012,2013-08-20,4203,2012-04-02,1620,8825,,1,5,5,4203,0,0,0,,0,002,"COAST VILLAGE RD","OLIVE MILL RD",0.00,,Y,B,-,N,,,,,,,,,,N,4,0,1,2,D,-,00,,,N,G,B,B,A,H,-,A,A,0,Y,,,,Y,Y,-,"- ",0,0,1,0,1,0,0,0,0,"- ","- ",34.252890000000001,-119.38396,"SANTA BARBARA","SANTA BARBARA",-119.63991231999999,34.421524929999997
5609353,2012,2014-01-10,9755,2012-04-16,0735,017378,,1,1,9,4200,0,1,3,,1,055,"RT 1","CALIFORNIA BL",1584.00,N,N,A,-,Y,SB,5,1,-,M,30.260,H,-,S,Y,4,0,5,2,A,-,03,22350,,N,C,C,A,A,H,-,A,D,0,,,,,Y,,A,01,0,0,5,0,0,0,0,0,0,"- ","- ",34.753529999999998,-120.51672000000001,"SANTA BARBARA",UNINCORPORATED,-120.51566256,34.754394830000003
5609357,2012,2013-08-28,9755,2012-04-23,2015,017884,,1,2,9,4200,0,3,5,,2,040,"BALLARD CANYON RD","CROFT LN",630.00,N,N,A,-,N,,,,,,,,,,Y,3,0,1,1,A,-,03,22350,,N,E,I,A,A,H,-,D,D,0,,,,,Y,Y,A,07,0,1,0,0,0,0,0,0,0,"- ","- ",34.616059999999997,-120.16709,"SANTA BARBARA",UNINCORPORATED,-120.17140783000001,34.616191059999998
5609578,2012,2014-02-20,9755,2012-05-03,1600,13618,,4,2,9,4200,0,1,3,,2,041,"RT 246","REFUGIO RD",875.00,E,N,A,-,Y,SB,5,246,-,-,32.290,H,-,W,N,4,0,1,2,A,-,03,22350,,N,C,C,A,A,H,-,A,A,0,,,,,Y,,A,01,0,0,1,0,0,0,0,0,0,"- ","- ",34.606549999999999,-120.09627,"SANTA BARBARA",UNINCORPORATED,-120.09531627,34.606603419999999
5611347,2012,2013-08-22,4203,2012-04-24,1013,6700,48,2,5,5,4203,0,0,0,,0,003,"PEDREGOSA ST","ANACAPA ST",27.00,E,N,B,-,N,,,,,,,,,,Y,4,0,1,2,A,-,03,22350,,N,C,C,A,A,H,-,A,A,0,,,,,Y,,A,07,0,0,1,0,0,0,0,0,0,"- ","- ",34.255200000000002,-119.42438,"SANTA BARBARA","SANTA BARBARA",-119.71220325,34.431110390000001
5611349,2012,2014-01-09,4203,2012-05-05,2118,6112,,6,5,5,4203,0,0,0,,0,003,"GARDEN ST","RT 101",21.00,W,N,A,-,Y,SB,5,101,-,-,13.240,R,4,N,Y,3,0,1,2,D,-,00,,,N,D,C,A,A,H,-,C,A,0,,,,,Y,,-,"- ",0,1,0,0,0,0,0,0,0,"- ",NF,34.258000000000003,-119.41249999999999,"SANTA BARBARA","SANTA BARBARA",-119.68443240000001,34.419834850000001
5611599,2012,2014-01-24,9760,2012-05-04,1500,19292,,5,2,9,4200,0,1,2,,2,020,"RT 101","TURNPIKE RD",450.00,S,N,A,-,Y,SB,5,101,-,-,19.970,H,-,N,Y,3,0,1,1,A,-,08,22107,,N,E,I,A,A,H,-,A,D,1,,,,,Y,,A,01,0,1,0,0,0,0,0,0,0,"- ","- ",34.442590000000003,-119.78812000000001,"SANTA BARBARA",UNINCORPORATED,-119.78671283,34.442314269999997
5613417,2012,2014-01-24,9760,2012-05-01,2317,018803,,2,3,4,4214,0,1,2,,1,030,"RT 101","LOS CARNEROS RD",148.00,N,N,B,-,Y,SB,5,101,-,-,23.740,H,-,N,Y,4,0,2,1,A,-,08,22107,,N,E,I,A,A,H,-,C,D,1,,,,,Y,,A,01,0,0,2,0,0,0,0,0,0,"- ","- ",34.437759999999997,-119.85354,"SANTA BARBARA",GOLETA,-119.85350551000001,34.437697489999998
5613421,2012,2014-02-03,9760,2012-05-06,0617,018991,,7,1,9,4200,0,1,2,,1,030,"RT 101","SIGNAL OIL",900.00,N,N,A,-,Y,SB,5,101,-,-,28.690,H,-,S,Y,3,0,1,1,A,-,08,22107,,N,F,A,A,A,H,-,A,D,5,,,,,Y,,A,01,0,1,0,0,0,0,0,0,0,"- ","- ",34.439430000000002,-119.93768,"SANTA BARBARA",UNINCORPORATED,-119.93871244,34.43962483
5613427,2012,2013-09-14,4204,2012-05-08,0755,19527,037,2,5,5,4204,0,0,0,,0,002,"MAIN ST","CONCORD AV",0.00,,Y,E,-,N,,,,,,,,,,Y,4,0,1,2,A,-,09,21801,A,F,D,C,A,A,H,-,A,A,0,,,,,Y,,-,"- ",0,0,1,0,0,0,0,0,0,"- ","- ",,,"SANTA BARBARA","SANTA MARIA",-120.41393254,34.952894899999997
5613429,2012,2013-09-07,9760,2012-05-05,1231,019352,,6,1,5,4203,0,3,5,,2,001,"E MOUNTAIN DR","ASHLEY RD",1296.00,W,N,A,-,N,,,,,,,,,,N,3,0,1,1,C,-,18,,,N,H,A,A,A,H,-,A,D,0,,Y,,,Y,,-,"- ",0,1,0,0,0,0,1,0,0,"- ","- ",34.452089999999998,-119.65339,"SANTA BARBARA","SANTA BARBARA",-119.65219415,34.450100120000002
5613431,2012,2013-09-14,4204,2012-05-05,2049,21023,032,6,5,5,4204,0,0,0,,0,002,WESTERN,FESLER,474.00,S,N,A,-,N,,,,,,,,,,Y,4,0,1,2,A,-,11,21954,A,N,A,B,D,A,H,-,C,D,0,Y,,,,Y,,N,60,0,0,1,0,1,0,0,0,0,"- ","- ",,,"SANTA BARBARA","SANTA MARIA",-120.44929538,34.955614650000001
5613439,2012,2014-02-13,4204,2012-05-08,1429,21726,36,2,5,5,4204,0,0,0,,0,002,MAIN,COLLEGE,0.00,,Y,A,-,N,,,,,,,,,,N,4,0,1,2,A,-,03,22350,,N,C,C,A,A,H,-,A,A,0,,,,,Y,,-,"- ",0,0,1,0,0,0,0,0,0,"- ","- ",,,"SANTA BARBARA","SANTA MARIA",-120.42482253,34.953164889999996
5613479,2012,2014-02-13,9760,2012-04-19,0050,18728,,4,3,9,4200,0,1,3,,1,028,"RT 192","DUNCAN RD",179.00,E,N,A,-,Y,SB,5,192,-,-,0.960,H,-,E,Y,3,0,1,1,A,-,08,22107,,M,E,I,A,A,H,-,E,D,0,,,,,Y,Y,A,01,0,1,0,0,0,0,0,0,0,"- ","- ",34.455770000000001,-119.74738000000001,"SANTA BARBARA",UNINCORPORATED,-119.74801241999999,34.45580485
5613483,2012,2014-02-13,9760,2012-04-30,0128,19819,,1,3,9,4200,0,1,3,,1,022,"RT 154","PAINTED CAVE RD",5280.00,E,N,E,-,Y,SB,5,154,-,-,27.690,H,-,W,Y,4,0,1,2,A,-,05,21460,A,N,A,C,A,B,H,-,D,D,0,,,,,Y,,A,01,0,0,1,0,0,0,0,0,0,"- ","- ",34.292999999999999,-119.46510000000001,"SANTA BARBARA",UNINCORPORATED,-119.78235895,34.48985399
5613487,2012,2014-01-31,9760,2012-04-29,1240,18483,,7,1,9,4200,0,1,2,,1,040,"RT 101","REFUGIO RD",5330.00,N,N,A,-,Y,SB,5,101,-,-,37.680,H,-,N,Y,3,0,2,2,A,-,07,21658,A,N,F,A,A,A,H,-,A,D,5,,,,,Y,,A,01,0,2,0,0,0,0,0,0,0,"- ","- ",34.4617,-120.08654,"SANTA BARBARA",UNINCORPORATED,-120.07484246999999,34.464084829999997
5613491,2012,2014-01-27,9760,2012-04-21,0946,18491,,6,1,3,4205,0,1,2,,2,010,"RT 101","BATCHELDER AV",1403.00,S,N,B,-,Y,SB,5,101,-,-,1.350,H,-,S,Y,3,0,1,1,A,-,08,22107,,N,E,I,A,A,H,-,A,D,1,,,,,Y,,A,01,0,1,0,0,0,0,0,0,0,"- ","- ",,,"SANTA BARBARA",CARPINTERIA,-119.49293831,34.386626380000003
5597268,2012,2013-08-10,4203,2012-04-12,1211,4937,,4,5,5,4203,0,0,0,,0,005,"JUNIPERO ST","OAK PARK LN",0.00,,Y,A,B,N,,,,,,,,,,N,4,0,1,2,A,-,09,21801,A,N,A,C,A,A,H,-,A,D,0,,,,,Y,,-,"- ",0,0,1,0,0,0,0,0,0,"- ","- ",34.429299999999998,-119.72539999999999,"SANTA BARBARA","SANTA BARBARA",-119.72547246000001,34.429364849999999
5597272,2012,2013-08-10,4203,2012-04-13,1004,6031,,5,5,5,4203,0,0,0,,0,004,"DE LA VINA ST","LOS OLIVOS ST",0.00,,Y,C,-,N,,,,,,,,,,Y,4,0,1,3,A,-,09,21804,A,N,D,C,A,B,H,-,A,A,0,,,,,Y,,-,"- ",0,0,1,0,0,0,0,0,0,"- ","- ",34.255000000000003,-119.43899999999999,"SANTA BARBARA","SANTA BARBARA",-119.71941241,34.43070487
5597313,2012,2013-08-15,4203,2012-03-27,0038,3140,,2,5,5,4203,0,0,0,,0,005,"STANLEY DR","WYOLA RD",17.00,E,N,A,-,N,,,,,,,,,,N,4,0,1,3,A,-,17,21711,,N,B,E,A,A,H,-,D,D,0,,,,,Y,,-,"- ",0,0,1,0,0,0,0,0,0,"- ","- ",34.260689999999997,-119.43445,"SANTA BARBARA","SANTA BARBARA",-119.72914613,34.435264009999997
5597325,2012,2013-08-15,4203,2012-03-29,1530,5739,,4,5,5,4203,0,0,0,,0,001,"OLD COAST HWY","PARK PL",20.00,E,N,A,-,N,,,,,,,,,,Y,3,0,1,2,A,-,09,21801,A,N,D,C,A,A,H,-,A,D,0,,,,,Y,,-,"- ",0,1,0,0,0,0,0,0,0,"- ","- ",34.252279999999999,-119.39546,"SANTA BARBARA","SANTA BARBARA",-119.66518736,34.423064539999999
5597333,2012,2013-08-15,4203,2012-03-27,1755,2524,,2,5,5,4203,0,0,0,,0,006,"MODOC RD","PORTESUELLO AV",30.00,S,N,A,-,N,,,,,,,,,,N,3,0,1,2,A,-,09,21801,A,N,D,G,A,A,H,-,A,A,0,,Y,,,Y,,-,"- ",0,1,0,0,0,0,1,0,0,"- ","- ",34.25291,-119.43359,"SANTA BARBARA","SANTA BARBARA",-119.72679089,34.42475331
5597337,2012,2013-08-15,4203,2012-03-23,0950,2661,,5,5,5,4203,0,0,0,,0,001,"FRANCESCHI RD","HILLCREST RD",1610.00,W,N,B,-,N,,,,,,,,,,N,3,0,1,2,D,-,00,,,N,B,G,A,A,H,-,A,D,0,,Y,,,Y,,-,"- ",0,1,0,0,0,0,1,0,0,"- ","- ",,,"SANTA BARBARA","SANTA BARBARA",-119.69581959,34.441245459999998
5597345,2012,2013-08-15,4203,2012-03-21,1318,6983,,3,5,5,4203,0,0,0,,0,003,"OLIVE ST","GUTIERREZ ST",0.00,,Y,A,-,N,,,,,,,,,,N,4,0,1,2,A,-,10,21950,A,N,G,B,B,A,H,-,A,D,0,Y,,,,Y,,-,"- ",0,0,1,0,1,0,0,0,0,"- ","- ",34.253100000000003,-119.4294,"SANTA BARBARA","SANTA BARBARA",-119.68855234,34.421194810000003
5597639,2012,2014-01-09,4204,2012-04-21,0942,18381,81,6,5,5,4204,0,0,0,,0,003,"RT 135","MCCOY LN",0.00,,Y,A,-,Y,SB,5,135,-,-,13.250,H,-,N,Y,3,0,4,2,A,-,09,21453,C,N,D,C,A,A,H,-,A,A,0,,,,,Y,,-,"- ",0,2,2,0,0,0,0,0,0,"- ","- ",,,"SANTA BARBARA","SANTA MARIA",-120.4359176,34.916459740000001
5597643,2012,2013-09-03,4204,2012-04-23,2213,22113,12,1,5,5,4204,0,0,0,,0,001,DONOVAN,SUEY,0.00,,Y,A,-,N,,,,,,,,,,N,4,0,1,2,A,-,09,21802,,N,A,G,A,A,H,-,C,A,0,,Y,,,Y,,L,04,0,0,1,0,0,0,1,0,0,"- ","- ",,,"SANTA BARBARA","SANTA MARIA",-120.40885255000001,34.967434900000001
5598358,2012,2014-01-24,9760,2012-04-23,0734,18483,,1,1,9,4200,0,1,2,,2,010,"RT 101","RT 150",1500.00,S,N,C,-,Y,SB,5,101,-,R,0.350,H,-,N,Y,4,0,1,2,A,-,03,22350,,N,C,C,A,B,H,-,A,D,1,,,,,Y,,A,01,0,0,1,0,0,0,0,0,0,"- ","- ",34.379820000000002,-119.48129,"SANTA BARBARA",UNINCORPORATED,-119.48126621,34.379870099999998
5598362,2012,2014-01-24,9760,2012-04-23,1545,18483,,1,2,9,4200,0,1,2,,2,010,"RT 101","SHEFFIELD DR",1000.00,N,N,B,-,Y,SB,5,101,-,-,9.210,H,-,S,N,4,0,1,2,A,-,07,21658,A,N,B,C,A,A,H,-,A,D,1,,,,,Y,,A,01,0,0,1,0,0,0,0,0,0,"- ","- ",34.422330000000002,-119.61396000000001,"SANTA BARBARA",UNINCORPORATED,-119.618577,34.421248599999998
5588597,2012,2013-10-11,9755,2012-03-27,0855,013618,,2,1,9,4200,0,1,3,,1,053,"RT 246","TULAROSA RD",151.00,W,N,B,-,Y,SB,5,246,-,R,14.720,H,-,E,N,4,0,1,3,A,-,03,22350,,N,C,C,A,A,H,-,A,D,0,,,,,Y,,A,01,0,0,1,0,0,0,0,0,0,"- ","- ",34.664560000000002,-120.37024,"SANTA BARBARA",UNINCORPORATED,-120.37019016000001,34.664584830000003
5588601,2012,2013-12-16,9755,2012-03-22,1705,017794,,4,2,9,4200,0,1,3,,1,042,"RT 154","CACHUMA VILLAGE",1320.00,W,N,A,-,Y,SB,5,154,-,R,12.020,H,-,W,Y,3,0,1,1,A,-,08,22107,,N,F,A,A,A,H,-,A,D,0,,,,,Y,,A,01,0,1,0,0,0,0,0,0,0,"- ","- ",34.585639999999998,-120.00004,"SANTA BARBARA",UNINCORPORATED,-119.99865061,34.585433520000002
5588605,2012,2013-10-17,9755,2012-03-08,2105,012436,,4,2,9,4200,0,1,2,,2,004,"RT 101","OLD COAST HWY",5808.00,N,N,A,-,Y,SB,5,101,-,-,53.470,H,-,N,Y,4,0,1,1,A,-,07,21658,A,N,F,A,A,A,H,-,D,D,1,,,,,Y,,A,07,0,0,1,0,0,0,0,0,0,"- ","- ",34.562109999999997,-120.18996,"SANTA BARBARA",UNINCORPORATED,-120.19603051999999,34.542383940000001
5588752,2012,2013-10-18,4200,2012-04-20,1811,2817,,5,5,2,4212,0,0,0,,0,,"AVE OF THE FLAGS","2ND ST",0.00,,Y,A,-,N,,,,,,,,,,Y,4,0,1,2,A,-,08,22107,,N,B,C,A,A,H,-,A,D,0,,,,,Y,Y,-,"- ",0,0,1,0,0,0,0,0,0,"- ","- ",,,"SANTA BARBARA",BUELLTON,-120.19241245000001,34.615894910000002
5589202,2012,2014-01-31,9760,2012-04-05,1300,12263,,4,1,5,4203,0,1,2,,2,011,"RT 101","MICHELTORENA ST",214.00,S,N,A,-,Y,SB,5,101,-,R,15.200,H,-,S,Y,4,0,1,2,A,-,03,22350,,N,E,I,A,A,H,-,A,D,1,,,,,Y,,A,08,0,0,1,0,0,0,0,0,0,"- ","- ",34.25224,-119.42809,"SANTA BARBARA","SANTA BARBARA",-119.71334211999999,34.420384800000001
5589203,2012,2014-01-31,9760,2012-04-05,1450,16050,,4,2,9,4200,0,1,2,,1,040,"RT 101","REFUGIO RD",2640.00,S,N,A,-,Y,SB,5,101,-,R,36.120,H,-,S,Y,3,0,1,1,A,-,08,22107,,N,E,I,A,A,H,-,A,D,1,,,,,Y,,A,07,0,1,0,0,0,0,0,0,0,"- ","- ",34.2774,-120.03532,"SANTA BARBARA",UNINCORPORATED,-120.05888237000001,34.46242625
5625275,2012,2013-10-01,4202,2012-05-05,1130,,LOMPO,6,5,4,4202,0,0,0,,0,,"COLLEGE AV","F ST",0.00,,Y,A,-,N,,,,,,,,,,Y,2,0,1,2,A,-,09,21801,A,N,D,C,A,A,H,-,A,D,0,,,Y,,Y,,A,08,1,0,0,0,0,0,0,0,0,"- ","- ",,,"SANTA BARBARA",LOMPOC,-120.45528247,34.646984789999998
5625279,2012,2013-09-21,4202,2012-05-14,1455,274,,1,5,4,4202,0,0,0,,0,,"R ST","WALNUT AV",0.00,,Y,A,-,N,,,,,,,,,,Y,4,0,2,2,A,-,09,21804,A,N,D,C,A,A,H,-,A,A,0,,,,,Y,,A,01,0,0,2,0,0,0,0,0,0,"- ","- ",,,"SANTA BARBARA",LOMPOC,-120.47055254999999,34.640734809999998
5625499,2012,2013-09-09,4200,2012-05-02,1103,3683,14,3,5,4,4214,0,0,0,,0,060,"HOLLISTER AV","CHAPEL ST",44.00,E,N,A,-,N,,,,,,,,,,Y,4,0,3,3,A,-,03,22350,,N,C,C,A,A,H,-,A,D,0,,,,,Y,,A,01,0,0,3,0,0,0,0,0,0,"- ","- ",,,"SANTA BARBARA",GOLETA,-119.81022683,34.43499886
5625526,2012,2013-09-16,9750,2012-05-11,0800,16170,,5,1,9,4200,0,2,4,,1,024,"BRADLEY RD","LARCH AV",14.00,S,N,A,-,N,,,,,,,,,,N,4,0,1,2,A,-,05,21650,1,N,D,G,A,A,H,-,A,A,0,,Y,,,Y,,L,04,0,0,1,0,0,0,1,0,0,"- ","- ",,,"SANTA BARBARA",UNINCORPORATED,-120.41867295,34.886776359999999
5625530,2012,2013-09-16,9750,2012-05-20,1530,14358,SANTA,7,2,9,4200,0,3,5,,2,030,"BETTERAVIA RD","NICHOLSON AV",0.00,,Y,A,-,N,,,,,,,,,,Y,4,0,2,2,A,-,09,21801,A,N,D,C,A,A,H,-,A,D,0,,,,,Y,,A,01,0,0,2,0,0,0,0,0,0,"- ","- ",34.923879999999997,-120.41540000000001,"SANTA BARBARA",UNINCORPORATED,-120.41703259000001,34.923574899999998
5625534,2012,2014-01-27,9750,2012-05-18,1639,14820,,5,2,9,4200,0,1,2,,2,001,"RT 101","BETTERAVIA RD",1056.00,N,N,A,-,Y,SB,5,101,-,-,86.790,H,-,N,N,4,0,1,1,A,-,08,22107,,N,F,A,A,A,H,-,A,D,0,,,Y,,Y,,C,02,0,0,1,0,0,0,0,0,1,"- ","- ",34.927100000000003,-120.41764999999999,"SANTA BARBARA",UNINCORPORATED,-120.41772745,34.927168940000001
5625538,2012,2013-09-16,9750,2012-05-17,0923,14820,,4,1,9,4200,0,2,4,,1,024,"BRADLEY RD","PATTERSON RD",612.00,S,N,A,-,N,,,,,,,,,,N,4,0,1,2,A,-,03,22350,,N,C,C,A,A,H,-,A,D,0,,,,,Y,,A,01,0,0,1,0,0,0,0,0,0,"- ","- ",34.866840000000003,-120.4187,"SANTA BARBARA",UNINCORPORATED,-120.41879261,34.866863840000001
5625542,2012,2014-01-08,9750,2012-05-16,1718,18009,,3,2,9,4200,0,3,5,,2,020,"RT 135","HARRIS GRADE RD",0.00,,Y,A,-,Y,SB,5,135,-,M,9.095,I,5,N,Y,4,0,2,2,A,-,09,21801,A,N,D,C,A,A,H,-,A,D,0,,,,,Y,,A,01,0,0,2,0,0,0,0,0,0,"- ","- ",34.766359999999999,-120.42428,"SANTA BARBARA",UNINCORPORATED,-120.42411024,34.766453519999999
5625546,2012,2013-09-16,9750,2012-05-14,1925,15334,,1,2,9,4200,0,2,4,,1,024,"CLARK AV","ORCUTT RD",0.00,,Y,A,-,N,,,,,,,,,,Y,3,0,1,2,A,-,01,23152,A,N,C,C,A,A,H,-,A,A,0,,,,,Y,Y,A,01,0,1,0,0,0,0,0,0,0,"- ","- ",34.864800000000002,-120.43564000000001,"SANTA BARBARA",UNINCORPORATED,-120.43539249,34.86504489
5625550,2012,2014-01-24,9750,2012-05-15,0550,12697,,2,3,9,4200,0,1,2,,2,001,"RT 101","STOWELL RD",2640.00,S,N,A,-,Y,SB,5,101,-,-,86.800,H,-,S,Y,3,0,1,2,A,-,07,21658,A,N,B,C,A,A,H,-,A,A,0,,,,,Y,,A,01,0,1,0,0,0,0,0,0,0,"- ","- ",34.933219999999999,-120.42401,"SANTA BARBARA",UNINCORPORATED,-120.41803005,34.927661700000002
5625554,2012,2014-01-27,9750,2012-05-02,1350,11573,,3,1,9,4200,0,1,2,,2,002,"RT 101","UNION OIL",1584.00,S,N,A,-,Y,SB,5,101,-,-,79.900,H,-,N,Y,4,0,1,2,A,-,07,21658,A,M,F,A,A,A,H,-,A,D,1,,,,,Y,,A,01,0,0,1,0,0,0,0,0,0,"- ","- ",34.838760000000001,-120.37248,"SANTA BARBARA",UNINCORPORATED,-120.37141075,34.837514810000002
5625558,2012,2014-01-08,9750,2012-05-08,1020,11573,,2,1,9,4200,0,2,4,,1,024,"CLARK AV","RT 135",0.00,,Y,A,-,Y,SB,5,135,-,R,10.590,R,4,S,Y,4,0,3,2,A,-,12,21453,A,N,D,D,A,A,H,-,A,A,5,,,,,Y,,A,01,0,0,3,0,0,0,0,0,0,"- ","- ",34.865090000000002,-120.43731,"SANTA BARBARA",UNINCORPORATED,-120.43679256,34.867788019999999
5625953,2012,2014-04-03,9760,2012-04-29,0128,19628,,7,3,5,4203,0,1,2,,2,020,"RT 101","PUEBLO ST",679.00,S,N,A,-,Y,SB,5,101,-,R,15.900,H,-,N,Y,3,0,1,1,A,-,01,23152,A,N,F,A,A,A,H,-,C,D,1,,,Y,,Y,Y,C,02,0,1,0,0,0,0,0,0,1,"- ","- ",34.426389999999998,-119.72375,"SANTA BARBARA","SANTA BARBARA",-119.72345334000001,34.42637508
5625954,2012,2014-02-13,9760,2012-04-28,1300,18991,,6,1,9,4200,0,1,3,,1,022,"RT 154","EAST CAMINO CIELO",600.00,W,N,A,-,Y,SB,5,154,-,-,24.330,H,-,E,Y,3,0,1,1,A,-,03,22350,,N,F,A,A,A,H,-,A,D,0,,,Y,,Y,,C,02,0,1,0,0,0,0,0,0,1,"- ","- ",34.510730000000002,-119.82402,"SANTA BARBARA",UNINCORPORATED,-119.82401923,34.511003100000003