CASE_ID,ACCIDENT_YEAR,PROC_DATE,JURIS,COLLISION_DATE,COLLISION_TIME,OFFICER_ID,REPORTING_DISTRICT,DAY_OF_WEEK,CHP_SHIFT,POPULATION,CNTY_CITY_LOC,SPECIAL_COND,BEAT_TYPE,CHP_BEAT_TYPE,CITY_DIVISION_LAPD,CHP_BEAT_CLASS,BEAT_NUMBER,PRIMARY_RD,SECONDARY_RD,DISTANCE,DIRECTION,INTERSECTION,WEATHER_1,WEATHER_2,STATE_HWY_IND,CALTRANS_COUNTY,CALTRANS_DISTRICT,STATE_ROUTE,ROUTE_SUFFIX,POSTMILE_PREFIX,POSTMILE,LOCATION_TYPE,RAMP_INTERSECTION,SIDE_OF_HWY,TOW_AWAY,COLLISION_SEVERITY,NUMBER_KILLED,NUMBER_INJURED,PARTY_COUNT,PRIMARY_COLL_FACTOR,PCF_CODE_OF_VIOL,PCF_VIOL_CATEGORY,PCF_VIOLATION,PCF_VIOL_SUBSECTION,HIT_AND_RUN,TYPE_OF_COLLISION,MVIW,PED_ACTION,ROAD_SURFACE,ROAD_COND_1,ROAD_COND_2,LIGHTING,CONTROL_DEVICE,CHP_ROAD_TYPE,PEDESTRIAN_ACCIDENT,BICYCLE_ACCIDENT,MOTORCYCLE_ACCIDENT,TRUCK_ACCIDENT,NOT_PRIVATE_PROPERTY,ALCOHOL_INVOLVED,STWD_VEHTYPE_AT_FAULT,CHP_VEHTYPE_AT_FAULT,COUNT_SEVERE_INJ,COUNT_VISIBLE_INJ,COUNT_COMPLAINT_PAIN,COUNT_PED_KILLED,COUNT_PED_INJURED,COUNT_BICYCLIST_KILLED,COUNT_BICYCLIST_INJURED,COUNT_MC_KILLED,COUNT_MC_INJURED,PRIMARY_RAMP,SECONDARY_RAMP,LATITUDE,LONGITUDE,COUNTY,CITY,POINT_X,POINT_Y
5741942,2012,2013-10-19,4204,2012-07-15,2207,21161,28,7,5,5,4204,0,0,0,,0,001,MILLER,TUNNEL,63.00,S,N,A,-,N,,,,,,,,,,Y,3,0,1,1,A,-,01,23152,A,N,E,I,A,A,H,-,C,D,0,,,,,Y,Y,-,"- ",0,1,0,0,0,0,0,0,0,"- ","- ",,,"SANTA BARBARA","SANTA MARIA",-120.43142084999999,34.95735191
5741955,2012,2014-02-03,9760,2012-07-08,1630,19387,,7,2,9,4200,0,1,2,,2,010,"RT 101","EVANS AV",528.00,N,N,A,-,Y,SB,5,101,-,R,8.390,H,-,N,Y,4,0,1,2,A,-,07,21658,A,N,B,C,A,A,H,-,A,D,1,,,,,Y,,A,01,0,0,1,0,0,0,0,0,0,"- ","- ",34.421199999999999,-119.6058,"SANTA BARBARA",UNINCORPORATED,-119.60451018000001,34.421074769999997
5741956,2012,2014-01-27,9760,2012-07-12,1419,18491,,4,2,5,4203,0,1,2,,2,011,"RT 101","CARILLO ST",420.00,S,N,B,-,Y,SB,5,101,-,R,14.680,H,-,S,Y,4,0,1,2,A,-,03,22350,,N,C,C,A,A,H,-,A,D,1,,,,,Y,,A,01,0,0,1,0,0,0,0,0,0,"- ","- ",34.4161,-119.70735999999999,"SANTA BARBARA","SANTA BARBARA",-119.70540747,34.414816709999997
5741957,2012,2014-01-24,9760,2012-07-13,1755,19452,,5,2,5,4203,0,1,2,,2,011,"10TH ST","CASTILLO ST",90.00,N,N,A,-,Y,SB,5,101,-,R,14.230,H,-,S,Y,4,0,1,2,A,-,03,22350,,N,C,C,A,A,H,-,A,D,1,,,Y,,Y,,C,02,0,0,1,0,0,0,0,0,1,"- ","- ",34.41216,-119.69996,"SANTA BARBARA","SANTA BARBARA",-119.69946324999999,34.41215038
5741958,2012,2014-01-31,9760,2012-07-18,1215,11750,,3,1,5,4203,0,1,2,,2,011,"RT 101","MICHELTORENA ST",375.00,N,N,A,-,Y,SB,5,101,-,R,15.310,H,-,S,N,4,0,3,3,A,-,03,22350,,N,C,C,A,A,H,-,A,D,1,,,,,Y,,A,07,0,0,3,0,0,0,0,0,0,"- ","- ",34.421329999999998,-119.71482,"SANTA BARBARA","SANTA BARBARA",-119.71442815,34.421176119999998
5741959,2012,2014-01-24,9760,2012-07-16,0829,19464,,1,1,5,4203,0,1,2,,2,020,"RT 101","RT 154",5280.00,N,N,B,-,Y,SB,5,101,-,-,54.160,H,-,S,Y,4,0,2,1,A,-,08,22107,,N,E,I,A,A,H,-,A,D,0,,,,,Y,,A,01,0,0,2,0,0,0,0,0,0,"- ","- ",34.441899999999997,-119.77752,"SANTA BARBARA","SANTA BARBARA",-120.1916762,34.55407709
5741960,2012,2014-01-27,9760,2012-07-16,1250,17674,,1,1,5,4203,0,1,2,,2,011,"RT 101","CARRILLO ST",1500.00,N,N,B,-,Y,SB,5,101,-,R,15.070,H,-,S,Y,4,0,1,3,A,-,03,22350,,N,C,C,A,A,H,-,A,D,1,,,,,Y,,A,01,0,0,1,0,0,0,0,0,0,"- ","- ",34.418779999999998,-119.71116000000001,"SANTA BARBARA","SANTA BARBARA",-119.71206546000001,34.41944247
5742451,2012,2013-10-23,9750,2012-07-12,0150,018616,,4,3,9,4200,0,1,3,,1,022,"RT 1","RT 135",279.00,S,N,A,-,Y,SB,5,1,-,M,36.110,H,-,N,Y,4,0,1,1,A,-,01,23152,A,N,E,I,A,A,H,-,C,D,0,,,,,Y,Y,A,07,0,0,1,0,0,0,0,0,0,"- ","- ",34.799770000000002,-120.44369,"SANTA BARBARA",UNINCORPORATED,-120.44300256,34.800914839999997
5753316,2012,2013-11-08,9760,2012-07-21,2256,019884,,6,3,9,4200,0,1,3,,1,022,"RT 154","MARIA YGNACIA LN",1400.00,W,N,A,-,Y,SB,5,154,-,-,29.550,H,-,W,Y,3,0,1,1,A,-,01,23152,A,N,F,A,A,A,H,-,D,D,0,,,,,Y,Y,D,22,0,1,0,0,0,0,0,0,0,"- ","- ",34.477969999999999,-119.76884,"SANTA BARBARA",UNINCORPORATED,-119.77594135,34.473285949999998
5753953,2012,2013-11-06,4203,2012-07-18,1532,2661,,3,5,5,4203,0,0,0,,0,003,"E GUTIERREZ ST","ANACAPA ST",150.00,W,N,B,-,N,,,,,,,,,,Y,3,0,1,2,A,-,08,22100,B,N,B,C,A,A,H,-,A,D,0,,,,,Y,,-,"- ",0,1,0,0,0,0,0,0,0,"- ","- ",34.245899999999999,-119.4136,"SANTA BARBARA","SANTA BARBARA",-119.69339966,34.416664830000002
5754006,2012,2013-11-01,4203,2012-07-31,1937,2736,,2,5,5,4203,0,0,0,,0,006,"CARRILLO ST","SAN ANDRES ST",0.00,,Y,A,-,N,,,,,,,,,,Y,3,0,2,2,A,-,09,21801,A,N,D,C,A,A,H,-,A,A,0,,,,,Y,,-,"- ",0,1,1,0,0,0,0,0,0,"- ","- ",34.245420000000003,-119.42391000000001,"SANTA BARBARA","SANTA BARBARA",-119.71067243,34.414804830000001
5754038,2012,2013-11-02,4203,2012-07-28,2226,2058,44,6,5,5,4203,0,0,0,,0,003,"CANON PERDIDO ST","SANTA BARBARA ST",30.00,E,N,A,-,N,,,,,,,,,,N,4,0,1,2,A,-,01,23152,A,N,C,C,A,A,H,-,C,A,0,,,,,Y,Y,-,"- ",0,0,1,0,0,0,0,0,0,"- ","- ",34.25217,-119.41587,"SANTA BARBARA","SANTA BARBARA",-119.69823696,34.422776769999999
5754042,2012,2013-11-02,4203,2012-07-06,1433,2661,,5,5,5,4203,0,0,0,,0,003,"CANON PERDIDO ST","VINE AV",21.00,E,N,A,-,N,,,,,,,,,,N,3,0,1,1,B,-,22,,,N,-,A,A,A,H,-,A,D,0,,,,,Y,,-,"- ",0,1,0,0,0,0,0,0,0,"- ","- ",34.253100000000003,-119.4143,"SANTA BARBARA","SANTA BARBARA",-119.69547623,34.425367909999999
5754050,2012,2013-11-02,4203,2012-07-15,1309,6380,,7,5,5,4203,0,0,0,,0,006,"CLIFF DR","YANKEE FARM RD",2112.00,E,N,A,-,N,,,,,,,,,,Y,3,0,1,2,A,-,05,21460,A,N,B,C,A,A,H,-,A,D,0,,,,,Y,,-,"- ",0,1,0,0,0,0,0,0,0,"- ","- ",34.24145,-119.44389,"SANTA BARBARA","SANTA BARBARA",-119.74351409000001,34.404130080000002
5754054,2012,2013-11-01,4203,2012-07-29,0114,2717,SB,7,5,5,4203,0,0,0,,0,00S,AMAPOLA,"STATE ST",90.00,N,N,A,-,N,,,,,,,,,,N,4,0,1,1,A,-,01,21200,5,N,E,I,A,A,H,-,C,D,0,,Y,,,Y,Y,L,04,0,0,1,0,0,0,1,0,0,"- ","- ",34.244500000000002,-119.39190000000001,"SANTA BARBARA","SANTA BARBARA",-119.73658057,34.440711919999998
5754110,2012,2013-09-28,4203,2012-06-30,2250,6114,,6,5,5,4203,0,0,0,,0,001,"E CANON PERDIDO ST","PHILINDA AV",0.00,,Y,A,-,N,,,,,,,,,,N,3,0,2,3,D,-,00,,,N,D,G,A,A,H,-,C,D,0,,Y,,,Y,Y,-,"- ",0,1,1,0,0,0,2,0,0,"- ","- ",,,"SANTA BARBARA","SANTA BARBARA",-119.69091244000001,34.429634839999999
5754124,2012,2013-11-23,4203,2012-08-03,1955,6114,,5,5,5,4203,0,0,0,,0,006,"ROBBINS ST","MICHELTORENA ST",384.00,N,N,A,-,N,,,,,,,,,,Y,3,0,1,1,A,-,01,23152,A,N,E,J,A,A,H,-,B,D,0,,,,,Y,Y,-,"- ",0,1,0,0,0,0,0,0,0,"- ","- ",34.245899999999999,-119.4314,"SANTA BARBARA","SANTA BARBARA",-119.72049158999999,34.416357519999998
5754128,2012,2013-11-23,4203,2012-08-03,0053,2520,BARBA,5,5,5,4203,0,0,0,,0,002,"SAN ANDRES ST","CANON PERDIDO",0.00,,Y,A,-,N,,,,,,,,,,Y,4,0,1,1,A,-,01,23152,,N,A,I,A,A,H,-,C,D,0,,,,,Y,Y,-,"- ",0,0,1,0,0,0,0,0,0,"- ","- ",34.244700000000002,-119.423,"SANTA BARBARA","SANTA BARBARA",-119.70849244,34.413154919999997
5754509,2012,2013-11-08,9760,2012-07-30,2140,019452,,1,2,5,4203,0,1,2,,2,011,"RT 101","CARRILLO ST",1954.00,S,N,A,-,Y,SB,5,101,-,R,14.390,H,-,N,N,4,0,1,2,A,-,07,21658,A,N,D,C,A,A,H,-,C,D,1,,,,,Y,,D,22,0,0,1,0,0,0,0,0,0,"- ","- ",34.41272,-119.70193,"SANTA BARBARA","SANTA BARBARA",-119.70354053,34.413449499999999
5764372,2012,2014-01-24,9760,2012-07-30,0050,11491,,1,3,9,4200,0,1,2,,1,040,"RT 101","WINCHESTER CANYON RD",2640.00,N,N,A,-,Y,SB,5,101,-,-,27.770,H,-,S,Y,3,0,1,1,A,-,08,22107,,N,F,I,A,A,H,-,D,A,5,,,,,Y,,D,22,0,1,0,0,0,0,0,0,0,"- ","- ",34.436439999999997,-119.9222,"SANTA BARBARA",UNINCORPORATED,-119.92341088000001,34.437060500000001
5764438,2012,2014-03-06,9760,2012-08-15,1550,16050,,3,2,5,4203,0,1,2,,2,011,"RT 101","MISSION ST",200.00,S,N,A,-,Y,SB,5,101,-,R,15.690,H,-,S,N,4,0,1,2,A,-,03,22350,,N,C,C,A,A,H,-,A,D,1,,,,,Y,,D,22,0,0,1,0,0,0,0,0,0,"- ","- ",34.424529999999997,-119.71922000000001,"SANTA BARBARA","SANTA BARBARA",-119.7187654,34.424341470000002
5764454,2012,2013-11-23,4200,2012-08-14,1205,3116,14,2,5,4,4214,0,0,0,,0,060,"PATTERSON AV","RT 101",300.00,S,N,B,-,N,,,,,,,,,,N,4,0,1,3,A,-,03,22350,,N,C,C,A,A,H,-,A,A,0,,,,Y,Y,,A,01,0,0,1,0,0,0,0,0,0,"- ",SO,,,"SANTA BARBARA",GOLETA,-119.80868248,34.441056690000003
5764458,2012,2013-10-21,4200,2012-07-18,1841,3077,14,3,5,4,4214,0,0,0,,0,060,"HOLLISTER AV","RUTHERFORD ST",350.00,E,N,A,-,N,,,,,,,,,,N,3,0,1,2,A,-,09,21801,A,N,H,G,A,A,H,-,A,D,0,,Y,,,Y,,D,22,0,1,0,0,0,0,1,0,0,"- ","- ",,,"SANTA BARBARA",GOLETA,-119.82411544999999,34.435696749999998
5764472,2012,2013-11-23,4202,2012-08-20,1751,239,LOMPO,1,5,4,4202,0,0,0,,0,015,"3RD ST","RT 246",130.00,S,N,A,-,Y,SB,5,1,-,-,19.810,I,6,S,N,3,0,1,2,A,-,05,21202,A,N,D,G,A,A,-,-,A,D,0,,Y,,,Y,Y,L,04,0,1,0,0,0,0,1,0,0,"- ","- ",,,"SANTA BARBARA",LOMPOC,-120.44525578,34.63879524
5765001,2012,2013-11-23,4202,2012-08-30,0806,274,,4,5,4,4202,0,0,0,,0,,"PINE AV","M ST",869.00,E,N,A,-,N,,,,,,,,,,N,4,0,1,2,A,-,03,22350,,N,C,C,A,A,H,-,A,D,0,,,Y,,Y,,D,22,0,0,1,0,0,0,0,0,1,"- ","- ",,,"SANTA BARBARA",LOMPOC,-120.46123418000001,34.650224790000003
5765002,2012,2013-11-23,9760,2012-08-28,0855,011750,,2,1,5,4203,0,1,2,,2,011,"RT 101","MICHELTORENA ST",150.00,N,N,A,-,Y,SB,5,101,-,R,15.270,H,-,S,Y,4,0,1,3,A,-,03,22350,,N,C,C,A,A,H,-,A,D,1,,,,Y,Y,,F,26,0,0,1,0,0,0,0,0,0,"- ","- ",34.421109999999999,-119.71454,"SANTA BARBARA","SANTA BARBARA",-119.71403004,34.420891730000001
5765441,2012,2013-11-23,9750,2012-08-17,1930,17379,,5,2,9,4200,0,2,4,,1,024,"CLARK AV","ORCUTT RD",0.00,,Y,A,-,N,,,,,,,,,,Y,4,0,3,2,A,-,09,21453,C,N,D,C,A,A,H,-,A,A,0,,,,,Y,,D,22,0,0,3,0,0,0,0,0,0,"- ","- ",34.873150000000003,-120.43648,"SANTA BARBARA",UNINCORPORATED,-120.43539249,34.86504489
5766095,2012,2013-01-24,9760,2012-11-20,1305,11750,,2,1,9,4200,0,1,2,,2,010,"RT 101","SHEFFIELD DR",1056.00,N,N,A,-,Y,SB,5,101,-,-,9.220,H,-,S,N,4,0,1,2,A,-,03,22350,,N,C,C,A,A,H,-,A,D,1,,,,,Y,,A,01,0,0,1,0,0,0,0,0,0,"- ","- ",34.419730000000001,-119.68291000000001,"SANTA BARBARA",UNINCORPORATED,-119.61870841,34.421231349999999
5766267,2012,2012-12-17,4203,2012-10-25,2125,6114,32,4,5,5,4203,0,0,0,,0,004,"W CARRILLO ST","CASTILLO ST",0.00,,-,A,-,N,,,,,,,,,,N,4,0,1,2,A,-,03,22350,,N,C,C,A,A,H,-,C,A,0,,,,,Y,,J,48,0,0,1,0,0,0,0,0,0,"- ","- ",34.241700000000002,-119.42010000000001,"SANTA BARBARA","SANTA BARBARA",-119.70639233999999,34.417284879999997
5766539,2012,2013-01-17,9760,2012-10-13,2300,18995,,6,3,9,4200,0,3,5,,2,005,"CAMINO PESCADERO","SABADO TARDE RD",0.00,,Y,A,-,N,,,,,,,,,,N,2,0,3,2,B,-,22,,,N,D,G,A,A,H,-,C,A,0,,Y,,,Y,,-,"- ",1,2,0,0,0,0,1,0,0,"- ","- ",34.410600000000002,-119.85875,"SANTA BARBARA",UNINCORPORATED,-119.85876236,34.410484820000001
5742455,2012,2013-10-23,9750,2012-07-17,0800,011573,,2,1,5,4204,0,1,2,,2,001,"RT 101","DONOVAN RD",1056.00,N,N,A,-,Y,SB,5,101,-,-,89.890,H,-,S,N,4,0,1,2,A,-,03,22350,,N,C,C,A,A,H,-,A,D,0,,,,,Y,,A,01,0,0,1,0,0,0,0,0,0,"- ","- ",34.972540000000002,-120.42623,"SANTA BARBARA","SANTA MARIA",-120.42488317999999,34.970448500000003
5742459,2012,2013-10-23,9750,2012-07-11,1015,016773,,3,1,9,4200,0,1,3,,1,063,"RT 166","GIFFORD RANCHO RD",245.00,W,N,A,-,Y,SLO,5,166,-,-,40.080,H,-,W,Y,4,0,1,1,A,-,08,22107,,N,E,I,A,A,H,-,A,D,0,,,,,Y,,A,01,0,0,1,0,0,0,0,0,0,"- ","- ",,,"SANTA BARBARA",UNINCORPORATED,-120.04555163000001,35.09451713
5742463,2012,2013-10-23,9750,2012-07-18,1100,014358,SANTA,3,1,9,4200,0,2,4,,1,024,"BRADLEY RD","CLARK AV",295.00,S,N,A,-,N,,,,,,,,,,Y,3,0,2,2,A,-,09,21801,A,N,A,C,A,A,H,-,A,D,0,,,,,Y,,A,08,0,1,1,0,0,0,0,0,0,"- ","- ",34.863939999999999,-120.41866,"SANTA BARBARA",UNINCORPORATED,-120.41878260999999,34.86417454
5742467,2012,2013-10-23,9750,2012-07-14,1745,017267,,6,2,9,4200,0,3,5,,2,030,"STOWELL RD","ROSEMARY RD",3696.00,W,N,A,-,N,,,,,,,,,,Y,3,0,1,1,A,-,01,23152,A,N,E,I,A,A,H,-,A,D,0,,,,,Y,Y,A,01,0,1,0,0,0,0,0,0,0,"- ","- ",34.563009999999998,-120.24806,"SANTA BARBARA",UNINCORPORATED,-120.41281929,34.938251829999999
5742471,2012,2013-10-23,9750,2012-07-21,1128,014449,,6,1,9,4200,0,1,2,,2,002,"RT 101","PALMER RD",8448.00,N,N,A,-,Y,SB,5,101,-,-,77.500,H,-,N,Y,3,0,1,1,A,-,03,22350,,N,F,A,A,A,H,-,A,D,1,,,Y,,Y,,C,02,0,1,0,0,0,0,0,0,1,"- ","- ",34.812010000000001,-120.34602,"SANTA BARBARA",UNINCORPORATED,-120.34556433,34.810946090000002
5774371,2012,2013-12-09,9750,2012-09-05,1249,015916,,3,1,9,4200,0,1,2,,2,001,"RT 101","SANTA MARIA WY",845.00,S,N,A,-,Y,SB,5,101,-,-,84.070,R,4,N,Y,4,0,1,2,A,-,09,21801,A,N,D,C,A,A,H,-,A,D,0,,,,,Y,,A,08,0,0,1,0,0,0,0,0,0,"- ","- ",34.889270000000003,-120.41562999999999,"SANTA BARBARA",UNINCORPORATED,-120.41441256,34.886704850000001
5774853,2012,2013-10-24,9760,2012-07-29,0221,19884,,7,3,4,4214,0,1,2,,2,020,"RT 101","TURNPIKE RD",635.00,N,N,A,-,Y,SB,5,101,-,-,20.180,H,-,S,Y,2,0,2,2,A,-,01,23152,A,N,A,C,A,A,H,-,C,A,1,,,,,Y,Y,A,01,2,0,0,0,0,0,0,0,0,"- ","- ",34.441969999999998,-119.79586,"SANTA BARBARA",GOLETA,-119.79133066999999,34.442095989999999
5775507,2012,2014-04-07,9760,2012-09-08,0805,19352,,6,1,3,4205,0,3,5,,2,001,"VIA REAL","SOUTH PADARO LN",1320.00,E,N,A,-,N,,,,,,,,,,Y,4,0,1,1,A,-,08,22107,,N,E,I,A,A,H,-,A,A,0,,,,,Y,,A,07,0,0,1,0,0,0,0,0,0,"- ","- ",34.408250000000002,-119.54886999999999,"SANTA BARBARA",CARPINTERIA,-119.57884049,34.41624358
5775508,2012,2013-12-07,9760,2012-09-12,0910,17674,,3,1,3,4205,0,1,2,,2,010,"RT 101","LINDEN AV",390.00,N,N,B,-,Y,SB,5,101,-,-,3.130,H,-,N,Y,4,0,1,2,A,-,07,21658,A,N,E,I,A,A,H,-,A,D,1,,,,,Y,,A,01,0,0,1,0,0,0,0,0,0,"- ","- ",34.401789999999998,-119.51739000000001,"SANTA BARBARA",CARPINTERIA,-119.51908306999999,34.401967640000002
5775509,2012,2013-12-07,9760,2012-09-13,0840,19069,,4,1,9,4200,0,3,5,,2,002,"WALNUT PARK DR","RIBERA DR",0.00,,Y,B,-,N,,,,,,,,,,N,3,0,1,2,A,-,09,21802,A,N,H,G,A,A,H,-,A,A,0,,Y,,,Y,,A,08,0,1,0,0,0,0,1,0,0,"- ","- ",34.269579999999998,-119.48000999999999,"SANTA BARBARA",UNINCORPORATED,-119.80005242,34.449324859999997
5775510,2012,2013-12-07,9760,2012-09-13,1749,18803,,4,2,9,4200,0,1,2,,2,020,"RT 101","RT 217",1234.00,N,N,A,-,Y,SB,5,101,-,-,21.640,H,-,S,Y,3,0,1,2,A,-,03,22350,,N,C,C,A,A,H,-,A,D,1,,,,,Y,,A,01,0,1,0,0,0,0,0,0,0,"- ","- ",34.441099999999999,-119.81407,"SANTA BARBARA",UNINCORPORATED,-119.81747502,34.440833640000001
5767170,2012,2013-12-06,4200,2012-08-10,1827,4005,,5,5,2,4206,0,0,0,,0,,"MISSION DR","1ST PL",0.00,,Y,A,-,Y,SB,5,246,-,-,29.620,I,5,W,Y,4,0,1,3,A,-,03,22350,,N,C,C,A,A,H,-,A,D,0,,,,,Y,,D,22,0,0,1,0,0,0,0,0,0,"- ","- ",,,"SANTA BARBARA",SOLVANG,-120.13926985000001,34.596004389999997
5767658,2012,2013-12-11,4203,2012-09-18,0806,6700,44,2,5,5,4203,0,0,0,,0,003,"ANACAPA ST","COTA ST",0.00,,Y,A,-,N,,,,,,,,,,Y,3,0,3,2,A,-,12,21453,A,N,D,C,A,A,H,-,A,A,0,,,,Y,Y,,A,01,0,3,0,0,0,0,0,0,0,"- ","- ",,,"SANTA BARBARA","SANTA BARBARA",-119.69564243000001,34.418854920000001
5767719,2012,2013-11-25,9750,2012-08-28,2145,014645,,2,2,9,4200,0,3,5,,2,020,"ORCUTT RD","CLARK AV",425.00,S,N,A,-,N,,,,,,,,,,Y,3,0,2,1,A,-,01,23152,A,N,E,I,A,A,H,-,D,D,0,,,,,Y,Y,D,22,0,1,1,0,0,0,0,0,0,"- ","- ",34.86336,-120.43621,"SANTA BARBARA",UNINCORPORATED,-120.43582051999999,34.863960200000001
5768132,2012,2013-11-27,4203,2012-08-30,0640,6700,51,4,5,5,4203,0,0,0,,0,005,"RT 192","CALLE LAURELES",250.00,W,N,A,-,Y,SB,5,192,-,-,2.170,H,-,E,Y,3,0,1,2,A,-,21,22106,,N,D,C,A,A,H,-,A,D,0,,,Y,Y,Y,,F,26,0,1,0,0,0,0,0,0,1,"- ","- ",34.265410000000003,-119.43464,"SANTA BARBARA","SANTA BARBARA",-119.72929305,34.448327640000002
5768186,2012,2013-11-26,9750,2012-08-25,2222,018009,,6,3,5,4204,0,3,5,,2,030,"BETTERAVIA RD","ROSEMARY RD",1584.00,E,N,A,-,N,,,,,,,,,,Y,4,0,1,1,A,-,01,23152,A,N,E,J,A,A,-,-,D,D,0,,,,,Y,Y,D,22,0,0,1,0,0,0,0,0,0,"- ","- ",34.923789999999997,-120.39483,"SANTA BARBARA","SANTA MARIA",-120.39534118,34.92371515
5768595,2012,2013-12-10,4204,2012-09-10,1807,22104,48,1,5,5,4204,0,0,0,,0,002,"RT 166","BRADLEY RD",170.00,W,N,A,-,Y,SB,5,166,-,-,8.860,H,-,E,N,4,0,1,2,A,-,21,22106,,N,C,C,A,A,H,-,A,A,0,,,,Y,Y,,F,27,0,0,1,0,0,0,0,0,0,"- ","- ",,,"SANTA BARBARA","SANTA MARIA",-120.41839361,34.952965839999997
5768599,2012,2013-12-10,4204,2012-09-30,1017,22104,67,7,5,5,4204,0,0,0,,0,003,THORNBURG,BATTLES,66.00,S,N,A,-,N,,,,,,,,,,N,4,0,2,2,A,-,09,21801,A,N,A,C,A,A,H,-,A,A,0,,,,,Y,,D,22,0,0,2,0,0,0,0,0,0,"- ","- ",,,"SANTA BARBARA","SANTA MARIA",-120.44052262,34.931384440000002
5769159,2012,2014-04-04,9750,2012-08-13,1750,017016,,1,2,9,4200,0,1,3,,1,011,"RT 166","BONITA SCHOOL RD",528.00,W,N,B,-,Y,SB,5,166,-,-,3.650,H,-,E,N,4,0,1,3,A,-,03,22350,,N,C,C,A,A,H,-,A,A,0,,,,,Y,,D,22,0,0,1,0,0,0,0,0,0,"- ","- ",34.957270000000001,-120.51054999999999,"SANTA BARBARA",UNINCORPORATED,-120.51008376,34.95712005
5769163,2012,2013-11-19,9750,2012-08-04,0112,018616,,6,3,5,4204,0,1,2,,2,001,"RT 101","BATTLES RD",518.00,S,N,B,-,Y,SB,5,101,-,-,87.010,H,-,S,Y,2,0,2,1,A,-,01,23152,A,N,E,I,A,A,H,-,C,D,0,,,,,Y,Y,D,22,1,1,0,0,0,0,0,0,0,"- ","- ",34.929549999999999,-120.41834,"SANTA BARBARA","SANTA MARIA",-120.41801233,34.929966129999997
5769532,2012,2013-12-09,4204,2012-09-12,0802,18261,69,3,5,5,4204,0,0,0,,0,003,COLLEGE,"ENOS DR",0.00,,Y,B,-,N,,,,,,,,,,Y,4,0,2,2,A,-,09,21804,A,N,D,D,A,A,H,-,A,A,0,,,,,Y,,A,01,0,0,2,0,0,0,0,0,0,"- ","- ",,,"SANTA BARBARA","SANTA MARIA",-120.42490257999999,34.934484910000002
5771492,2012,2013-11-18,9760,2012-08-28,1248,16050,,2,1,5,4203,0,1,2,,2,011,"RT 101","MISSION ST",800.00,N,N,A,-,Y,SB,5,101,-,-,15.910,H,-,N,Y,3,0,2,3,A,-,"- ",,,M,D,C,A,A,H,-,A,D,1,,,,,Y,,A,07,0,2,0,0,0,0,0,0,0,"- ","- ",34.426250000000003,-119.72329000000001,"SANTA BARBARA","SANTA BARBARA",-119.72202221000001,34.426072089999998
5754517,2012,2014-02-03,9760,2012-07-26,1258,11750,,4,1,5,4203,0,1,2,,2,011,"RT 101","MICHELTORENA ST",115.00,S,N,A,-,Y,SB,5,101,-,R,15.220,H,-,S,Y,4,0,2,2,A,-,03,22350,,N,C,C,A,A,H,-,A,D,1,,,,,Y,,A,07,0,0,2,0,0,0,0,0,0,"- ","- ",34.420349999999999,-119.7135,"SANTA BARBARA","SANTA BARBARA",-119.71353852999999,34.420529790000003
5755180,2012,2013-08-20,4202,2012-04-27,2041,280,LOMPO,5,5,4,4202,0,0,0,,0,007,"PINE AV","G ST",17.00,E,N,A,-,N,,,,,,,,,,N,3,0,1,2,A,-,05,21202,A,N,D,G,A,A,H,-,D,D,0,,Y,,,Y,,L,04,0,1,0,0,0,0,1,0,0,"- ","- ",,,"SANTA BARBARA",LOMPOC,-120.4564061,34.650184340000003
5755200,2012,2013-11-23,4202,2012-08-01,2031,273,,3,5,4,4202,0,0,0,,0,,"RT 246","N ST",6.00,E,N,A,-,Y,SB,5,246,-,-,9.140,H,-,W,N,4,0,1,2,A,-,06,21951,,N,G,B,B,A,H,-,C,A,0,Y,,,,Y,,A,01,0,0,1,0,1,0,0,0,0,"- ","- ",,,"SANTA BARBARA",LOMPOC,-120.4653296,34.639118410000002
5756425,2012,2014-04-03,9750,2012-08-05,1345,013766,,7,1,9,4200,0,1,3,,1,023,"RT 135","SAN ANTONIO ROAD EAST",298.00,S,N,A,-,Y,SB,5,135,-,M,9.550,H,-,S,Y,4,0,1,1,A,-,08,22107,,N,E,I,A,A,H,-,A,D,5,,,,,Y,,A,01,0,0,1,0,0,0,0,0,0,"- ","- ",34.77176,-120.42872,"SANTA BARBARA",UNINCORPORATED,-120.42870078,34.771732149999998