CASE_ID,ACCIDENT_YEAR,PROC_DATE,JURIS,COLLISION_DATE,COLLISION_TIME,OFFICER_ID,REPORTING_DISTRICT,DAY_OF_WEEK,CHP_SHIFT,POPULATION,CNTY_CITY_LOC,SPECIAL_COND,BEAT_TYPE,CHP_BEAT_TYPE,CITY_DIVISION_LAPD,CHP_BEAT_CLASS,BEAT_NUMBER,PRIMARY_RD,SECONDARY_RD,DISTANCE,DIRECTION,INTERSECTION,WEATHER_1,WEATHER_2,STATE_HWY_IND,CALTRANS_COUNTY,CALTRANS_DISTRICT,STATE_ROUTE,ROUTE_SUFFIX,POSTMILE_PREFIX,POSTMILE,LOCATION_TYPE,RAMP_INTERSECTION,SIDE_OF_HWY,TOW_AWAY,COLLISION_SEVERITY,NUMBER_KILLED,NUMBER_INJURED,PARTY_COUNT,PRIMARY_COLL_FACTOR,PCF_CODE_OF_VIOL,PCF_VIOL_CATEGORY,PCF_VIOLATION,PCF_VIOL_SUBSECTION,HIT_AND_RUN,TYPE_OF_COLLISION,MVIW,PED_ACTION,ROAD_SURFACE,ROAD_COND_1,ROAD_COND_2,LIGHTING,CONTROL_DEVICE,CHP_ROAD_TYPE,PEDESTRIAN_ACCIDENT,BICYCLE_ACCIDENT,MOTORCYCLE_ACCIDENT,TRUCK_ACCIDENT,NOT_PRIVATE_PROPERTY,ALCOHOL_INVOLVED,STWD_VEHTYPE_AT_FAULT,CHP_VEHTYPE_AT_FAULT,COUNT_SEVERE_INJ,COUNT_VISIBLE_INJ,COUNT_COMPLAINT_PAIN,COUNT_PED_KILLED,COUNT_PED_INJURED,COUNT_BICYCLIST_KILLED,COUNT_BICYCLIST_INJURED,COUNT_MC_KILLED,COUNT_MC_INJURED,PRIMARY_RAMP,SECONDARY_RAMP,LATITUDE,LONGITUDE,COUNTY,CITY,POINT_X,POINT_Y
5813500,2012,2013-11-23,4203,2012-08-15,1320,6118,,3,5,5,4203,0,0,0,,0,,"EAST CABRILLO BL","NINOS DR",500.00,W,N,A,-,N,,,,,,,,,,N,3,0,2,2,A,-,08,22107,,N,B,G,A,A,H,-,A,D,0,,,,,Y,,-,"- ",0,2,0,0,0,0,0,0,0,"- ","- ",34.205800000000004,-119.25279999999999,"SANTA BARBARA","SANTA BARBARA",-119.66918075,34.417397469999997
5813501,2012,2013-11-15,4204,2012-08-18,1626,21338,016,6,5,5,4204,0,0,0,,0,001,"RT 135","ORCHARD ST",100.00,S,N,A,-,Y,SB,5,135,-,-,16.640,H,-,S,N,4,0,2,2,A,-,03,22350,,N,C,C,A,A,H,-,A,A,0,,,,,Y,,A,01,0,0,2,0,0,0,0,0,0,"- ","- ",,,"SANTA BARBARA","SANTA MARIA",-120.4357667,34.96560221
5813504,2012,2013-11-23,4203,2012-08-14,2113,5726,,2,5,5,4203,0,0,0,,0,004,"MISSION ST","BATH ST",0.00,,Y,A,-,N,,,,,,,,,,N,3,0,1,2,A,-,09,21801,A,N,D,G,A,A,H,-,C,A,0,,Y,,,Y,,-,"- ",0,1,0,0,0,0,1,0,0,"- ","- ",34.25394,-119.43048,"SANTA BARBARA","SANTA BARBARA",-119.71800239,34.427634910000002
5813505,2012,2013-11-15,4204,2012-08-19,1036,20904,,7,5,5,4204,0,0,0,,0,,"RUSSELL ST","CRESTON ST",0.00,,Y,A,-,N,,,,,,,,,,Y,4,0,4,2,A,-,08,22107,,N,B,C,A,A,H,-,A,-,0,,,,,Y,,-,"- ",0,0,4,0,0,0,0,0,0,"- ","- ",,,"SANTA BARBARA","SANTA MARIA",-120.45012250000001,34.972004849999998
5813508,2012,2013-11-23,4203,2012-08-13,1739,6535,,1,5,5,4203,0,0,0,,0,001,"GUTIERREZ ST","MILPAS ST",0.00,,Y,A,-,N,,,,,,,,,,N,3,0,1,2,A,-,"- ",,,N,G,B,B,A,H,-,A,A,0,Y,,,,Y,,-,"- ",0,1,0,0,1,0,0,0,0,"- ","- ",34.251800000000003,-119.4049,"SANTA BARBARA","SANTA BARBARA",-119.68402236,34.425414869999997
5813509,2012,2013-11-15,4204,2012-08-21,2019,21513,43,2,5,5,4204,0,0,0,,0,002,"COOK ST","RT 135",0.00,,Y,A,-,Y,SB,5,135,-,-,15.550,I,5,S,Y,3,0,2,2,A,-,12,21453,A,N,D,C,A,A,H,-,C,A,0,,,,,Y,,-,"- ",0,2,0,0,0,0,0,0,0,"- ","- ",,,"SANTA BARBARA","SANTA MARIA",-120.43597963000001,34.949755439999997
5813513,2012,2013-12-19,4204,2012-08-10,1433,23813,76,5,5,5,4204,0,0,0,,0,003,"S BRADLEY",BETTERAVIA,100.00,S,N,A,-,N,,,,,,,,,,N,4,0,2,2,A,-,04,21703,,N,C,C,A,A,H,-,A,A,0,,,,,Y,,-,"- ",0,0,2,0,0,0,0,0,0,"- ","- ",,,"SANTA BARBARA","SANTA MARIA",-120.42152416,34.923430160000002
5813516,2012,2013-11-23,4203,2012-08-12,1353,12-59361,,7,5,5,4203,0,0,0,,0,003,"SANTA BARBARA ST","MICHELTORENA ST",134.00,N,N,A,-,N,,,,,,,,,,Y,3,0,1,2,A,-,08,22107,,N,B,E,A,A,H,-,A,A,0,,,,,Y,,-,"- ",0,1,0,0,0,0,0,0,0,"- ","- ",34.254300000000001,-119.4222,"SANTA BARBARA","SANTA BARBARA",-119.70632165000001,34.428591709999999
5813517,2012,2013-11-15,4204,2012-08-18,1951,21338,050,6,5,5,4204,0,0,0,,0,002,"RUSSELL AV","ORANGE ST",0.00,,Y,A,-,N,,,,,,,,,,N,3,0,1,2,A,-,09,21802,A,F,D,G,A,A,H,-,C,D,0,,Y,,,Y,,L,04,0,1,0,0,0,0,1,0,0,"- ","- ",,,"SANTA BARBARA","SANTA MARIA",-120.45160260999999,34.948424840000001
5813520,2012,2013-11-23,4203,2012-08-10,1959,1584,,5,5,5,4203,0,0,0,,0,001,"DE LA GUERRA RD","LOS PUEBLOS RD",0.00,,Y,A,-,N,,,,,,,,,,N,3,0,1,1,A,-,03,22350,,N,E,I,A,A,H,-,B,D,0,,,,,Y,,-,"- ",0,1,0,0,0,0,0,0,0,"- ","- ",,,"SANTA BARBARA","SANTA BARBARA",-119.68617236,34.433174889999997
5815727,2012,2013-04-16,4203,2012-12-13,0832,2661,,4,5,5,4203,0,0,0,,0,,"DE LA VINA ST","ARDEN RD",27.00,N,N,A,-,N,,,,,,,,,,N,4,0,1,2,A,-,03,22350,,N,C,C,A,B,H,-,A,D,0,,,,,Y,,J,48,0,0,1,0,0,0,0,0,0,"- ","- ",34.261400000000002,-119.4337,"SANTA BARBARA","SANTA BARBARA",-119.72689853999999,34.437332580000003
5817140,2012,2013-12-20,4204,2012-10-13,0955,23656,61,6,5,5,4204,0,0,0,,0,003,STOWELL,DEPOT,0.00,,Y,A,-,N,,,,,,,,,,N,2,0,1,2,A,-,12,21453,A,N,D,G,A,A,H,-,A,A,0,,Y,,,Y,,L,04,1,0,0,0,0,0,1,0,0,"- ","- ",,,"SANTA BARBARA","SANTA MARIA",-120.44470259000001,34.93865486
5817775,2012,2013-11-23,4204,2012-08-09,1411,23397,19,4,5,5,4204,0,0,0,,0,001,DONOVAN,"RT 101",60.00,E,N,A,-,Y,SB,5,101,-,-,89.810,R,4,S,Y,4,0,2,2,A,-,03,22350,,N,C,C,A,A,H,-,A,A,0,,,,,Y,,-,"- ",0,0,2,0,0,0,0,0,0,"- ","- ",,,"SANTA BARBARA","SANTA MARIA",-120.42338257,34.96802486
5817776,2012,2013-12-07,4204,2012-08-08,1620,21199,040,3,5,5,4204,0,0,0,,0,002,"COOK ST","RUSSELL ST",35.00,E,N,A,-,N,,,,,,,,,,Y,4,0,1,2,A,-,21,22106,,N,B,C,A,A,H,-,A,D,0,,,,,Y,,-,"- ",0,0,1,0,0,0,0,0,0,"- ","- ",,,"SANTA BARBARA","SANTA MARIA",-120.45146588,34.949593270000001
5817777,2012,2013-11-23,4204,2012-08-13,1719,90139,,1,5,5,4204,0,0,0,,0,002,"MAIN ST","MILLER CT",0.00,,Y,A,-,Y,SB,5,166,-,-,8.130,I,5,W,N,4,0,1,2,A,-,03,22350,,N,C,C,A,A,H,-,A,A,0,,,,,Y,,-,"- ",0,0,1,0,0,0,0,0,0,"- ","- ",,,"SANTA BARBARA","SANTA MARIA",-120.43122004,34.953203219999999
5817778,2012,2013-11-23,4204,2012-08-12,1958,22557,56,7,5,5,4204,0,0,0,,0,002,LINCOLN,PARK,30.00,S,N,A,-,N,,,,,,,,,,N,3,0,1,2,A,-,21,22106,,N,G,B,F,-,H,-,-,D,0,Y,,,,Y,,-,"- ",0,1,0,0,1,0,0,0,0,"- ","- ",,,"SANTA BARBARA","SANTA MARIA",-120.43752262,34.944412419999999
5817779,2012,2013-11-23,4204,2012-08-06,1855,20904,43,1,5,5,4204,0,0,0,,0,002,BROADWAY,COOK,0.00,,Y,A,-,Y,SB,5,135,-,-,15.550,I,5,N,Y,4,0,3,2,A,-,"- ",,,N,D,C,A,-,H,-,A,A,0,,,,,Y,,-,"- ",0,0,3,0,0,0,0,0,0,"- ","- ",,,"SANTA BARBARA","SANTA MARIA",-120.4358251,34.949756489999999
5819408,2012,2013-11-21,4200,2012-08-12,1024,3810,,7,5,2,4212,0,0,0,,0,,"RT 246","RT 101",265.00,W,N,A,-,Y,SB,5,246,-,-,26.200,H,-,W,N,3,0,1,2,A,-,09,21804,A,N,D,G,A,A,H,-,A,A,0,,Y,,,Y,,A,07,0,1,0,0,0,0,1,0,0,"- ",SF,,,"SANTA BARBARA",BUELLTON,-120.19146092,34.612669490000002
5819966,2012,2014-02-18,4200,2012-07-31,0950,3738,,2,5,2,4206,0,0,0,,0,,"MISSION DR","ATTERDAG DR",0.00,,Y,A,-,Y,SB,5,246,-,-,29.440,I,5,W,N,4,0,1,2,A,-,03,22350,,N,C,C,A,A,H,-,A,A,0,,,,,Y,,-,"- ",0,0,1,0,0,0,0,0,0,"- ","- ",,,"SANTA BARBARA",SOLVANG,-120.14238555999999,34.5960392
5821367,2012,2013-12-23,9755,2012-10-07,1042,016988,,7,1,9,4200,0,1,3,,1,055,"RT 1","SANTA YNEZ RIVER BRIDGE",1584.00,N,N,A,-,Y,SB,5,1,-,-,22.820,H,-,N,Y,4,0,1,2,A,-,07,21658,A,N,B,C,A,A,H,-,A,D,0,,,,,Y,,A,01,0,0,1,0,0,0,0,0,0,"- ","- ",34.671230000000001,-120.45733,"SANTA BARBARA",UNINCORPORATED,-120.45588615,34.678374179999999
5821444,2012,2013-12-26,9760,2012-10-09,0815,016050,,2,1,9,4200,0,3,5,,2,003,"LOS CARNEROS RD","MESA RD",0.00,,Y,A,-,N,,,,,,,,,,Y,3,0,2,3,A,-,12,21453,A,N,D,C,A,A,H,-,A,A,0,,,,,Y,,A,01,0,2,0,0,0,0,0,0,0,"- ","- ",34.421950000000002,-119.85977,"SANTA BARBARA",UNINCORPORATED,-119.85981237999999,34.422114809999997
5821448,2012,2013-12-27,9760,2012-10-08,1415,016050,,1,2,9,4200,0,1,3,,1,022,"PAINTED CAVE RD","RT 154",5280.00,N,N,A,-,Y,,,,,,,,,,N,3,0,1,1,A,-,03,22350,,N,F,A,A,A,H,-,A,D,0,,Y,,,Y,,L,04,0,1,0,0,0,0,1,0,0,"- ","- ",34.493319999999997,-119.78959,"SANTA BARBARA",UNINCORPORATED,-119.79076492999999,34.493308769999999
5821452,2012,2013-12-27,9760,2012-10-01,1050,016050,,1,1,9,4200,0,3,5,,2,005,"EL COLEGIO RD","LOS CARNEROS RD",60.00,E,N,A,-,N,,,,,,,,,,Y,4,0,2,2,A,-,09,21804,A,N,D,C,A,A,H,-,A,D,0,,,,,Y,,-,"- ",0,0,2,0,0,0,0,0,0,"- ","- ",34.417189999999998,-119.86067,"SANTA BARBARA",UNINCORPORATED,-119.86055369,34.417342830000003
5821484,2012,2013-12-27,9760,2012-10-05,1620,019069,,5,2,5,4203,0,1,2,,2,011,"RT 101","MILPAS ST",700.00,N,N,A,-,Y,SB,5,101,-,-,12.900,H,-,S,Y,4,0,1,2,A,-,03,22350,,N,C,C,A,A,H,-,A,D,1,,,,,Y,,A,01,0,0,1,0,0,0,0,0,0,"- ","- ",34.243699999999997,-119.4016,"SANTA BARBARA","SANTA BARBARA",-119.68201084,34.41990689
5821488,2012,2013-12-27,9760,2012-10-01,1515,018583,,1,2,9,4200,0,1,3,,1,014,"RT 192","HOT SPRINGS RD",403.00,E,N,A,-,Y,SB,5,192,-,-,8.360,H,-,E,N,4,0,1,2,A,-,09,21804,A,N,D,C,A,A,H,-,A,D,0,,,Y,,Y,,A,01,0,0,1,0,0,0,0,0,1,"- ","- ",34.432639999999999,-119.64023,"SANTA BARBARA",UNINCORPORATED,-119.64036544,34.436129870000002
5821492,2012,2013-12-27,9760,2012-10-02,0910,017674,,2,1,5,4203,0,1,2,,2,011,"RT 101","MICHELTORENA ST",910.00,S,N,A,-,Y,SB,5,101,-,R,15.070,H,-,S,Y,4,0,1,2,A,-,03,22350,,N,C,C,A,A,H,-,A,D,1,,,,,Y,,A,01,0,0,1,0,0,0,0,0,0,"- ","- ",34.419119999999999,-119.71164,"SANTA BARBARA","SANTA BARBARA",-119.71206546000001,34.41944247
5823335,2012,2013-12-19,4200,2012-10-18,1315,3116,14,4,5,4,4214,0,0,0,,0,080,"SANTA FELICIA DR","HOLLISTER AV",0.00,,Y,B,-,N,,,,,,,,,,Y,4,0,1,2,A,-,08,22107,,N,D,C,A,A,H,-,A,A,0,,,,,Y,,A,07,0,0,1,0,0,0,0,0,0,"- ","- ",,,"SANTA BARBARA",GOLETA,-119.87591236999999,34.430124859999999
5824486,2012,2013-12-04,4202,2012-09-10,1808,DUNN,4202,1,5,4,4202,0,0,0,,0,015,"RT 1","3RD ST",0.00,,Y,A,-,Y,SB,5,1,-,-,19.810,I,5,N,N,4,0,1,2,A,-,"- ",,,N,D,G,A,A,H,-,A,A,0,,Y,,,Y,,L,04,0,0,1,0,0,0,1,0,0,"- ","- ",,,"SANTA BARBARA",LOMPOC,-120.44979920999999,34.638958719999998
5824688,2012,2013-12-04,9750,2012-09-02,1315,015334,,7,1,9,4200,0,1,2,,2,001,"RT 101","STOWELL RD",1056.00,N,N,A,-,Y,SB,5,101,-,-,87.800,H,-,N,Y,4,0,2,2,A,-,03,22350,,N,C,C,A,A,H,-,A,D,0,,,,,Y,,A,01,0,0,2,0,0,0,0,0,0,"- ","- ",34.942689999999999,-120.41755999999999,"SANTA BARBARA",UNINCORPORATED,-120.41762310999999,34.94114647
5824716,2012,2013-12-04,4200,2012-09-05,1726,3116,14,3,5,4,4214,0,0,0,,0,080,"HOLLISTER AV","SANTA FELICIA DR",0.00,,Y,A,-,N,,,,,,,,,,N,3,0,1,2,A,-,09,21801,A,N,D,C,A,A,H,-,A,A,0,,,,,Y,,A,01,0,1,0,0,0,0,0,0,0,"- ","- ",,,"SANTA BARBARA",GOLETA,-119.87591236999999,34.430124859999999
5824732,2012,2013-12-06,4203,2012-09-05,0744,6700,41,3,5,5,4203,0,0,0,,0,004,"STATE ST","CARRILLO ST",0.00,,Y,B,-,N,,,,,,,,,,N,4,0,1,2,A,-,12,21453,A,N,D,G,A,A,H,-,A,A,0,,Y,,,Y,,L,04,0,0,1,0,0,0,1,0,0,"- ","- ",34.251710000000003,-119.42677999999999,"SANTA BARBARA","SANTA BARBARA",-119.70187242,34.421524839999996
5824736,2012,2013-12-06,4203,2012-09-04,1805,6114,,2,5,5,4203,0,0,0,,0,002,"W CARRILLO ST","SAN ANDRES ST",35.00,E,N,A,-,N,,,,,,,,,,Y,4,0,2,2,A,-,09,21804,A,N,D,C,A,A,H,-,A,A,0,,,,,Y,,-,"- ",0,0,2,0,0,0,0,0,0,"- ","- ",34.2453,-119.4237,"SANTA BARBARA","SANTA BARBARA",-119.71055849,34.414822540000003
5824740,2012,2013-12-06,4203,2012-09-04,0755,2520,,2,5,5,4203,0,0,0,,0,001,"MASON ST","ALISOS ST",0.00,,Y,A,-,N,,,,,,,,,,N,4,0,1,2,A,-,09,21802,A,N,D,G,A,A,H,-,A,D,0,,Y,,,Y,,L,04,0,0,1,0,0,0,1,0,0,"- ","- ",34.426299999999998,-119.6798,"SANTA BARBARA","SANTA BARBARA",-119.67905234,34.423644850000002
5825253,2012,2014-03-14,4203,2012-09-13,2051,6110,,4,5,5,4203,0,0,0,,0,001,"OLD COAST HWY","SALINAS ST",30.00,E,N,A,-,N,,,,,,,,,,Y,4,0,1,2,A,-,01,23152,A,N,C,D,A,A,H,-,C,A,0,,,,,Y,Y,-,"- ",0,0,1,0,0,0,0,0,0,"- ","- ",,,"SANTA BARBARA","SANTA BARBARA",-119.66806501000001,34.423158569999998
5826563,2012,2013-10-26,9750,2012-07-17,1745,15514,,2,2,9,4200,0,3,5,,2,010,"RT 166","BONITA SCHOOL RD",528.00,W,N,A,-,Y,SB,5,166,-,-,3.650,H,-,W,Y,4,0,2,3,A,-,09,21804,A,N,D,C,A,A,H,-,A,D,0,,,,,Y,,A,07,0,0,2,0,0,0,0,0,0,"- ","- ",34,-120,"SANTA BARBARA",UNINCORPORATED,-120.51010644999999,34.957122650000002
5827249,2012,2013-12-16,4204,2012-09-01,1155,21338,52,6,5,5,4204,0,0,0,,0,002,"RT 135","COOK ST",50.00,S,N,A,-,Y,SB,5,135,-,-,15.540,H,-,S,Y,4,0,1,2,A,-,03,22350,,N,C,C,A,A,H,-,A,A,0,,,,,Y,,A,01,0,0,1,0,0,0,0,0,0,"- ","- ",,,"SANTA BARBARA","SANTA MARIA",-120.43597457,34.949618919999999
5827257,2012,2014-01-14,4204,2012-09-04,1736,23323,58,2,5,5,4204,0,0,0,,0,003,"MILLER ST","STOWELL RD",0.00,,Y,A,-,N,,,,,,,,,,Y,4,0,1,2,A,-,04,21703,,N,C,C,A,A,H,-,A,A,0,,,,,Y,,-,"- ",0,0,1,0,0,0,0,0,0,"- ","- ",,,"SANTA BARBARA","SANTA MARIA",-120.43169253000001,34.938434819999998
5827261,2012,2013-12-14,4204,2012-09-04,1912,20904,,2,5,5,4204,0,0,0,,0,,"BROADWAY RD","ROSE AV",0.00,,Y,A,-,N,,,,,,,,,,N,4,0,1,2,A,-,05,21650,,N,D,G,A,A,H,-,A,D,0,,Y,,,Y,,L,04,0,0,1,0,0,0,1,0,0,"- ","- ",,,"SANTA BARBARA","SANTA MARIA",-120.43583259,34.961404860000002
5827265,2012,2013-12-14,4204,2012-09-05,2202,22668,RD29,3,5,5,4204,0,0,0,,0,B01,"HART ST",ARMSTRONG,45.00,S,N,B,-,N,,,,,,,,,,Y,3,0,1,1,A,-,01,23152,A,N,E,I,A,A,H,-,C,D,0,,,,,Y,Y,-,"- ",0,1,0,0,0,0,0,0,0,"- ","- ",,,"SANTA BARBARA","SANTA MARIA",-120.42181262,34.958011220000003
5827293,2012,2013-12-03,4202,2012-09-12,1400,288,,3,5,4,4202,0,0,0,,0,,"H ST","WALNUT AV",7.00,S,N,A,-,Y,SB,5,1,-,-,20.630,H,-,N,N,3,0,1,2,A,-,05,21202,A,F,D,G,A,A,H,-,A,D,0,,Y,,,Y,,L,04,0,1,0,0,0,0,1,0,0,"- ","- ",,,"SANTA BARBARA",LOMPOC,-120.45779852,34.644936979999997
5828882,2012,2013-12-07,4202,2012-09-12,1011,274,,3,5,4,4202,0,0,0,,0,,"ARNOLD AV","O ST",59.00,W,N,B,-,N,,,,,,,,,,Y,4,0,1,2,A,-,01,23152,A,N,C,E,A,A,H,-,A,D,0,,,,,Y,,A,01,0,0,1,0,0,0,0,0,0,"- ","- ",,,"SANTA BARBARA",LOMPOC,-120.46668871999999,34.655814790000001
5828886,2012,2013-12-07,4202,2012-09-17,1742,239,LOMPO,1,5,4,4202,0,0,0,,0,003,"CENTRAL AV","L ST",122.00,W,N,A,-,N,,,,,,,,,,Y,3,0,1,2,A,-,03,22350,,N,C,C,A,A,H,-,A,A,0,,,,,Y,,A,01,0,1,0,0,0,0,0,0,0,"- ","- ",,,"SANTA BARBARA",LOMPOC,-120.46246816999999,34.66091479
5828890,2012,2013-12-16,4202,2012-09-19,0902,16178,4202,3,5,4,4202,0,0,0,,0,008,"A ST","MAPLE AV",150.00,S,N,B,-,N,,,,,,,,,,N,4,0,1,1,A,-,08,22107,,N,E,I,A,A,H,-,A,D,0,,,,,Y,,A,01,0,0,1,0,0,0,0,0,0,"- ","- ",,,"SANTA BARBARA",LOMPOC,-120.44893924,34.644932799999999
5828901,2012,2013-12-07,4203,2012-09-25,1238,1967,4203,2,5,5,4203,0,0,0,,0,005,"STATE ST","DE LA VINA ST",0.00,,Y,A,-,N,,,,,,,,,,Y,4,0,2,2,A,-,12,21453,A,N,D,C,A,A,H,-,A,A,0,,,,,Y,,-,"- ",0,0,2,0,0,0,0,0,0,"- ","- ",34.440370000000001,-119.43774000000001,"SANTA BARBARA","SANTA BARBARA",-119.73059244,34.440344830000001
5828909,2012,2013-12-07,4203,2012-09-27,0837,2720,,4,5,5,4203,0,0,0,,0,003,"E SOLA ST","ANACAPA ST",12.00,W,N,B,-,N,,,,,,,,,,N,3,0,1,2,A,-,10,21950,A,N,D,B,B,A,H,-,A,A,0,Y,,,,Y,,-,"- ",0,1,0,0,1,0,0,0,0,"- ","- ",34.42624,-119.70594,"SANTA BARBARA","SANTA BARBARA",-119.70588868,34.426320050000001
5828913,2012,2013-12-07,4203,2012-09-29,0930,1967,4203,6,5,5,4203,0,0,0,,0,006,"CLIFF DR","PALISADES DR",132.00,E,N,A,-,N,,,,,,,,,,N,3,0,1,1,C,-,18,,,N,H,A,A,A,C,H,A,D,0,,Y,,,Y,,-,"- ",0,1,0,0,0,0,1,0,0,"- ","- ",34.240920000000003,-119.43361,"SANTA BARBARA","SANTA BARBARA",-119.72659839000001,34.402638349999997
5828921,2012,2013-12-07,4203,2012-09-28,1456,7083,4203,5,5,5,4203,0,0,0,,0,001,"GUTIERREZ ST","ALISOS ST",0.00,,Y,A,-,N,,,,,,,,,,N,3,0,1,2,A,-,12,22450,A,N,D,G,A,A,H,-,A,D,0,,Y,,,Y,,L,04,0,1,0,0,0,0,1,0,0,"- ","- ",34.251600000000003,-119.4058,"SANTA BARBARA","SANTA BARBARA",-119.68291239,34.426464850000002
5828925,2012,2013-12-07,4203,2012-09-28,1600,6377,,5,5,5,4203,0,0,0,,0,005,"CALLE REAL","JUNIPERO ST",0.00,,Y,A,-,N,,,,,,,,,,N,3,0,1,2,A,-,09,21802,A,N,C,G,A,A,H,-,A,A,0,,Y,,,Y,,-,"- ",0,1,0,0,0,0,1,0,0,"- ","- ",34.427199999999999,-119.7277,"SANTA BARBARA","SANTA BARBARA",-119.72765235999999,34.427184910000001
5828929,2012,2013-12-07,4203,2012-09-28,2230,1584,,5,5,5,4203,0,0,0,,0,001,"E CANON PERDIDO ST","N QUARANTINA ST",0.00,,Y,A,-,N,,,,,,,,,,Y,3,0,2,2,A,-,09,21804,A,N,D,C,A,A,H,-,C,A,0,,,,,Y,Y,-,"- ",0,1,1,0,0,0,0,0,0,"- ","- ",34.254040000000003,-119.41334999999999,"SANTA BARBARA","SANTA BARBARA",-119.69272235,34.4279449
5828933,2012,2013-12-07,4203,2012-09-30,1253,6380,,7,5,5,4203,0,0,0,,0,002,"EAST CABRILLO BL",HELENA,0.00,,Y,A,-,N,,,,,,,,,,N,4,0,1,2,A,-,09,21801,A,N,B,C,A,A,H,-,A,D,0,,,,,Y,,-,"- ",0,0,1,0,0,0,0,0,0,"- ","- ",34.244630000000001,-119.41200000000001,"SANTA BARBARA","SANTA BARBARA",-119.68861234000001,34.412764840000001
5829053,2012,2013-12-07,4204,2012-09-14,2212,90139,10,5,5,5,4204,0,0,0,,0,001,BROADWAY,WILLIAMS,135.00,S,N,A,-,Y,SB,5,135,-,-,16.900,H,-,N,Y,4,0,1,2,A,-,01,23152,B,N,C,C,A,A,H,-,C,A,0,,,,,Y,Y,-,"- ",0,0,1,0,0,0,0,0,0,"- ","- ",,,"SANTA BARBARA","SANTA MARIA",-120.43556037,34.969449240000003
5829057,2012,2013-12-07,4204,2012-09-17,1728,22557,42,1,5,5,4204,0,0,0,,0,002,MAIN,BROADWAY,48.00,E,N,A,-,Y,SB,5,166,-,-,7.880,H,-,W,Y,2,0,3,3,A,-,03,22350,,N,C,C,A,A,H,-,A,A,0,,,,,Y,,-,"- ",1,1,1,0,0,0,0,0,0,"- ","- ",,,"SANTA BARBARA","SANTA MARIA",-120.43561673000001,34.953194860000004
5829121,2012,2013-12-07,4204,2012-09-17,1316,19527,062,1,5,5,4204,0,0,0,,0,003,"RT 135","LIBERTY ST",48.00,S,N,A,-,Y,SB,5,135,-,-,14.810,H,-,S,N,4,0,1,4,A,-,03,22350,,N,C,C,A,A,H,-,A,A,0,,,,,Y,,A,01,0,0,1,0,0,0,0,0,0,"- ","- ",,,"SANTA BARBARA","SANTA MARIA",-120.43613550000001,34.939062640000003
5829125,2012,2013-12-07,4204,2012-09-17,1429,18261,59,1,5,5,4204,0,0,0,,0,002,"COLLEGE ST","LAS FLORES",30.00,S,N,A,-,N,,,,,,,,,,N,4,0,1,2,A,-,03,22350,,N,C,C,A,A,H,-,A,D,0,,,,,Y,,A,01,0,0,1,0,0,0,0,0,0,"- ","- ",,,"SANTA BARBARA","SANTA MARIA",-120.42485262,34.940862420000002
5829456,2012,2013-12-03,4200,2012-09-25,1501,3116,14,2,5,4,4214,0,0,0,,0,080,"CATHEDRAL OAKS RD","ALAMEDA AV",373.00,E,N,A,-,N,,,,,,,,,,N,3,0,1,2,A,-,03,22350,,N,C,C,A,A,H,-,A,D,0,,,,,Y,,A,01,0,1,0,0,0,0,0,0,0,"- ","- ",,,"SANTA BARBARA",GOLETA,-119.87933629,34.440732629999999
5829460,2012,2013-12-03,4200,2012-09-06,1140,3116,14,4,5,4,4214,0,0,0,,0,060,"HOLLISTER AV","RUTHERFORD ST",70.00,W,N,B,-,N,,,,,,,,,,N,4,0,1,2,A,-,03,22350,,N,D,C,A,A,H,-,A,A,0,,,,,Y,,A,01,0,0,1,0,0,0,0,0,0,"- ","- ",,,"SANTA BARBARA",GOLETA,-119.82550372,34.435780219999998
5829545,2012,2014-01-02,4203,2012-09-11,2255,4732,,2,5,5,4203,0,0,0,,0,005,"RT 192","ALAMAR AV",347.00,E,N,E,-,Y,SB,5,192,-,-,2.500,H,-,E,Y,3,0,1,1,A,-,01,23152,A,N,E,I,A,A,G,-,C,D,0,,,,,Y,Y,-,"- ",0,1,0,0,0,0,0,0,0,"- ","- ",,,"SANTA BARBARA","SANTA BARBARA",-119.72388438999999,34.446691510000001
5829549,2012,2013-12-07,4203,2012-09-11,2254,4732,,2,5,5,4203,0,0,0,,0,005,"RT 192","ALAMAR AV",120.00,E,N,E,-,Y,SB,5,192,-,-,2.450,H,-,E,Y,3,0,1,3,A,-,01,23152,A,M,B,E,A,A,H,-,C,D,0,,,,,Y,Y,-,"- ",0,1,0,0,0,0,0,0,0,"- ","- ",,,"SANTA BARBARA","SANTA BARBARA",-119.7247473,34.44681233