CASE_ID,ACCIDENT_YEAR,PROC_DATE,JURIS,COLLISION_DATE,COLLISION_TIME,OFFICER_ID,REPORTING_DISTRICT,DAY_OF_WEEK,CHP_SHIFT,POPULATION,CNTY_CITY_LOC,SPECIAL_COND,BEAT_TYPE,CHP_BEAT_TYPE,CITY_DIVISION_LAPD,CHP_BEAT_CLASS,BEAT_NUMBER,PRIMARY_RD,SECONDARY_RD,DISTANCE,DIRECTION,INTERSECTION,WEATHER_1,WEATHER_2,STATE_HWY_IND,CALTRANS_COUNTY,CALTRANS_DISTRICT,STATE_ROUTE,ROUTE_SUFFIX,POSTMILE_PREFIX,POSTMILE,LOCATION_TYPE,RAMP_INTERSECTION,SIDE_OF_HWY,TOW_AWAY,COLLISION_SEVERITY,NUMBER_KILLED,NUMBER_INJURED,PARTY_COUNT,PRIMARY_COLL_FACTOR,PCF_CODE_OF_VIOL,PCF_VIOL_CATEGORY,PCF_VIOLATION,PCF_VIOL_SUBSECTION,HIT_AND_RUN,TYPE_OF_COLLISION,MVIW,PED_ACTION,ROAD_SURFACE,ROAD_COND_1,ROAD_COND_2,LIGHTING,CONTROL_DEVICE,CHP_ROAD_TYPE,PEDESTRIAN_ACCIDENT,BICYCLE_ACCIDENT,MOTORCYCLE_ACCIDENT,TRUCK_ACCIDENT,NOT_PRIVATE_PROPERTY,ALCOHOL_INVOLVED,STWD_VEHTYPE_AT_FAULT,CHP_VEHTYPE_AT_FAULT,COUNT_SEVERE_INJ,COUNT_VISIBLE_INJ,COUNT_COMPLAINT_PAIN,COUNT_PED_KILLED,COUNT_PED_INJURED,COUNT_BICYCLIST_KILLED,COUNT_BICYCLIST_INJURED,COUNT_MC_KILLED,COUNT_MC_INJURED,PRIMARY_RAMP,SECONDARY_RAMP,LATITUDE,LONGITUDE,COUNTY,CITY,POINT_X,POINT_Y
5839123,2012,2013-12-23,4204,2012-10-02,1210,21199,068,2,5,5,4204,0,0,0,,0,003,"BATTLES RD","MCCLELLAND ST",0.00,,Y,A,-,N,,,,,,,,,,Y,4,0,1,2,A,-,09,21802,,N,D,C,A,A,H,-,A,A,0,,,,,Y,,-,"- ",0,0,1,0,0,0,0,0,0,"- ","- ",,,"SANTA BARBARA","SANTA MARIA",-120.43490251999999,34.931484879999999
5839127,2012,2013-12-23,4204,2012-10-07,0526,90123,13,7,5,5,4204,0,0,0,,0,B01,"WESTERN ST","ROBERT LN",68.00,N,N,A,-,N,,,,,,,,,,Y,4,0,1,2,A,-,"- ",,,N,C,E,A,A,H,-,C,D,0,,,,,Y,,A,01,0,0,1,0,0,0,0,0,0,"- ","- ",,,"SANTA BARBARA","SANTA MARIA",-120.44974946000001,34.96220709
5839216,2012,2013-12-23,4203,2012-10-06,0110,2264,30,6,5,5,4203,0,0,0,,0,006,"CLIFF DR","OCEANO AV",0.00,,Y,A,-,N,,,,,,,,,,Y,4,0,2,2,A,-,08,22107,,N,D,C,A,A,H,-,E,D,0,,,,,Y,,-,"- ",0,0,2,0,0,0,0,0,0,"- ","- ",34.241540000000001,-119.42197,"SANTA BARBARA","SANTA BARBARA",-119.70547232,34.404324840000001
5839220,2012,2013-12-23,4203,2012-10-06,1242,6983,,6,5,5,4203,0,0,0,,0,003,"CARRILLO ST","SANTA BARBARA ST",15.00,W,N,A,-,N,,,,,,,,,,Y,3,0,2,2,A,-,09,21801,A,N,D,C,A,A,H,-,A,D,0,,,,,Y,,-,"- ",0,1,1,0,0,0,0,0,0,"- ","- ",34.252499999999998,-119.4158,"SANTA BARBARA","SANTA BARBARA",-119.69962535000001,34.423633940000002
5839224,2012,2013-12-23,4203,2012-10-06,1900,5618,,6,5,5,4203,0,0,0,,0,001,"PUNTA GORDA ST","SALINAS ST",0.00,,Y,A,-,N,,,,,,,,,,N,4,0,1,2,A,-,10,21950,A,N,D,B,B,A,H,-,B,A,0,Y,,,,Y,,-,"- ",0,0,1,0,1,0,0,0,0,"- ","- ",,,"SANTA BARBARA","SANTA BARBARA",-119.66816244,34.423174869999997
5839228,2012,2013-12-23,4203,2012-10-06,2026,5739,,6,5,5,4203,0,0,0,,0,004,"W LOS OLIVOS ST","CHAPALA ST",4.00,W,N,A,-,N,,,,,,,,,,N,3,0,1,1,D,-,00,,,N,E,I,A,A,H,-,C,D,0,,Y,,,Y,,-,"- ",0,1,0,0,0,0,1,0,0,"- ","- ",,,"SANTA BARBARA","SANTA BARBARA",-119.71838124999999,34.431656590000003
5839232,2012,2013-12-23,4203,2012-10-06,2228,5370,,6,5,5,4203,0,0,0,,0,002,"CASTILLO ST","RT 101",0.00,,Y,A,-,Y,SB,5,101,-,R,14.340,R,4,S,N,4,0,1,2,A,-,12,21453,A,N,D,C,A,A,A,-,C,A,0,,,,,Y,,-,"- ",0,0,1,0,0,0,0,0,0,"- ",SF,34.244300000000003,-119.41564,"SANTA BARBARA","SANTA BARBARA",-119.7029924,34.412934849999999
5839236,2012,2013-12-23,4203,2012-10-02,1550,6114,,2,5,5,4203,0,0,0,,0,005,"STATE ST","TOYON DR",40.00,W,N,A,-,N,,,,,,,,,,Y,4,0,2,3,A,-,03,22350,,N,C,C,A,A,H,-,A,D,0,,,,,Y,,-,"- ",0,0,2,0,0,0,0,0,0,"- ","- ",,,"SANTA BARBARA","SANTA BARBARA",-119.73826502999999,34.440475470000003
5839240,2012,2013-12-23,4203,2012-10-02,0745,2520,,2,5,5,4203,0,0,0,,0,001,"VOLUNTARIO ST","INDIO MUERTO ST",0.00,,Y,A,-,N,,,,,,,,,,N,3,0,1,2,D,-,00,,,N,G,G,A,A,H,-,A,D,0,,Y,,,Y,,-,"- ",0,1,0,0,0,0,1,0,0,"- ","- ",,,"SANTA BARBARA","SANTA BARBARA",-119.67281235,34.42095492
5839308,2012,2014-03-17,4204,2012-10-08,0643,90137,63,1,5,5,4204,0,0,0,,0,003,STOWELL,"BLACK RD",1584.00,E,N,A,-,N,,,,,,,,,,Y,4,0,3,3,A,-,03,22350,,N,C,C,A,A,H,-,B,D,0,,,,,Y,,-,"- ",0,0,3,0,0,0,0,0,0,"- ","- ",,,"SANTA BARBARA","SANTA MARIA",-120.48459962,34.938484690000003
5840125,2012,2013-12-23,4204,2012-10-01,1303,19527,89,1,5,5,4204,0,0,0,,0,003,"SANTA MARIA WY","MILLER ST",185.00,N,N,A,-,N,,,,,,,,,,Y,4,0,1,2,D,-,00,,,F,H,C,A,A,H,-,A,D,0,,,,,Y,,-,"- ",0,0,1,0,0,0,0,0,0,"- ","- ",,,"SANTA BARBARA","SANTA MARIA",-120.4344218,34.910093179999997
5840163,2012,2013-12-23,9750,2012-10-07,1405,015915,,7,2,9,4200,0,3,5,,2,030,"FOXEN CANYON RD","DOMINION RD",1056.00,N,N,A,-,N,,,,,,,,,,Y,3,0,1,1,A,-,08,22107,,N,E,I,A,A,H,-,A,D,0,,,,,Y,,A,08,0,1,0,0,0,0,0,0,0,"- ","- ",34.912739999999999,-120.34769,"SANTA BARBARA",UNINCORPORATED,-120.34777987,34.913000279999999
5840171,2012,2014-01-07,9750,2012-10-08,0838,014449,,1,1,9,4200,0,2,4,,1,024,"CLARK AV","CHERRY AV",0.00,,Y,A,-,N,,,,,,,,,,N,3,0,1,2,A,-,09,21802,A,N,D,C,A,A,H,-,A,A,0,,,,,Y,,A,01,0,1,0,0,0,0,0,0,0,"- ","- ",34.86515,-120.4269,"SANTA BARBARA",UNINCORPORATED,-120.42710259,34.865024929999997
5840855,2012,2014-04-11,4200,2012-10-12,1500,3947,6,5,5,2,4206,0,0,0,,0,,"MISSION DR","POWER POLE #T1989",28.00,E,N,A,-,Y,SB,5,246,-,-,29.670,H,-,W,Y,4,0,1,3,A,-,03,22350,,N,C,C,A,A,H,-,A,A,0,,,,,Y,,-,"- ",0,0,1,0,0,0,0,0,0,"- ","- ",,,"SANTA BARBARA",SOLVANG,-120.1384032,34.595994840000003
5841801,2012,2014-01-28,9750,2012-09-09,2300,017016,,7,3,9,4200,0,3,5,,2,030,"PALMER RD","FOXEN CANYON RD",376.00,S,N,A,-,N,,,,,,,,,,Y,2,0,2,1,A,-,01,23152,A,N,F,A,A,A,H,-,D,D,0,,,,,Y,Y,A,01,1,1,0,0,0,0,0,0,0,"- ","- ",34.86374,-120.29402,"SANTA BARBARA",UNINCORPORATED,-120.29479043000001,34.863531139999999
5841805,2012,2013-12-03,9750,2012-09-25,1400,012697,,2,2,9,4200,0,2,4,,1,024,"HARP RD","CLARK AV",3.00,S,N,A,-,N,,,,,,,,,,Y,3,0,1,2,A,-,03,22350,,N,D,C,A,A,H,-,A,A,0,,Y,,,Y,,L,04,0,1,0,0,0,0,1,0,0,"- ","- ",,,"SANTA BARBARA",UNINCORPORATED,-120.41443293,34.86498658
5843521,2012,2013-12-23,9755,2012-10-18,1328,12346,,4,1,9,4200,0,1,2,,2,004,"RT 101","OLD COAST HWY",8976.00,N,N,A,-,Y,SB,5,101,-,-,54.080,H,-,N,Y,3,0,1,2,A,-,01,23152,A,N,B,C,A,A,H,-,A,D,1,,,,Y,Y,Y,D,22,0,1,0,0,0,0,0,0,0,"- ","- ",34.569780000000002,-120.19083000000001,"SANTA BARBARA",UNINCORPORATED,-120.19146786,34.550989659999999
5843525,2012,2013-12-23,9755,2012-09-13,2010,12436,,4,2,9,4200,0,1,3,,1,042,"RT 154","RT 1",5280.00,E,N,A,-,Y,SB,5,154,-,R,0.550,H,-,W,Y,4,0,1,3,A,-,03,22350,,N,C,C,A,A,D,H,D,D,0,,,,,Y,,D,22,0,0,1,0,0,0,0,0,0,"- ","- ",34.681359999999998,-120.14981,"SANTA BARBARA",UNINCORPORATED,-120.14788674,34.681730139999999
5843545,2012,2013-12-23,9755,2012-10-25,0735,12826,,4,1,9,4200,0,1,3,,1,042,"RT 154","BRADBURY DAM VISTA POINT",1584.00,E,N,A,-,Y,SB,5,154,-,-,13.860,H,-,E,Y,3,0,1,3,A,-,03,22350,,N,C,C,A,A,H,-,A,D,0,,,,,Y,,D,22,0,1,0,0,0,0,0,0,0,"- ","- ",34.577019999999997,-119.97829,"SANTA BARBARA",UNINCORPORATED,-119.9727742,34.575641300000001
5843684,2012,2013-12-30,9750,2012-11-13,2245,14645,,2,3,9,4200,0,1,3,,1,062,"RT 166","SIERRA MADRE RD",3168.00,W,N,A,-,Y,SB,5,166,-,R,33.910,H,-,E,Y,4,0,1,1,A,-,08,22107,,N,F,A,A,A,H,-,D,D,0,,,,Y,Y,,G,25,0,0,1,0,0,0,0,0,0,"- ","- ",35.107889999999998,-120.1045,"SANTA BARBARA",UNINCORPORATED,-120.11806081,35.09983338
5845904,2012,2014-01-06,9755,2012-11-01,1110,015973,,4,1,9,4200,0,3,5,,2,040,"REFUGIO RD","STADIUM DR",10.00,S,N,A,-,N,,,,,,,,,,Y,4,0,1,2,A,-,03,22350,,N,C,C,A,A,H,-,A,D,0,,,,,Y,,A,07,0,0,1,0,0,0,0,0,0,"- ","- ",34.161540000000002,-120.09908,"SANTA BARBARA",UNINCORPORATED,-120.09811254,34.610307339999999
5845912,2012,2013-12-23,9755,2012-10-26,0507,18717,,5,3,9,4200,0,1,3,,1,051,"RT 1","RT 101",36960.00,N,N,A,-,Y,SB,5,1,-,R,7.000,H,-,S,N,3,0,1,2,A,-,11,21954,A,N,G,B,D,A,H,-,D,D,0,Y,,,,Y,,N,60,0,1,0,0,1,0,0,0,0,"- ","- ",34.526539999999997,-120.34233,"SANTA BARBARA",UNINCORPORATED,-120.33830912000001,34.522192109999999
5846134,2012,2013-12-17,9750,2012-10-31,0640,011573,,3,1,9,4200,0,1,2,,2,001,"RT 101",BROADWAY,1320.00,N,N,E,-,Y,SB,5,101,-,-,89.590,R,1,N,Y,4,0,3,2,A,-,03,22350,,N,C,C,A,A,H,-,C,D,0,,,,,Y,,D,22,0,0,3,0,0,0,0,0,0,"- ","- ",34.984720000000003,-120.43265,"SANTA BARBARA",UNINCORPORATED,-120.42223257000001,34.966724859999999
5846138,2012,2014-01-08,9750,2012-11-08,0855,13766,,4,1,9,4200,0,2,4,,1,024,"SANTA MARIA WAY","COLLEGE DR",1056.00,S,N,B,C,N,,,,,,,,,,Y,4,0,1,1,A,-,08,22107,,N,E,I,A,B,H,-,A,D,0,,,,,Y,,D,22,0,0,1,0,0,0,0,0,0,"- ","- ",34.892029999999998,-120.41930000000001,"SANTA BARBARA",UNINCORPORATED,-120.42044206,34.893039469999998
5846765,2012,2013-08-19,4200,2012-04-04,1522,3116,14,3,5,4,4214,0,0,0,,0,080,"DEL NORTE DR","COLUSA WY",0.00,,Y,A,-,N,,,,,,,,,,N,3,0,1,1,A,-,08,22107,,N,H,A,A,A,H,-,A,A,0,,Y,,,Y,,L,04,0,1,0,0,0,0,1,0,0,"- ","- ",,,"SANTA BARBARA",GOLETA,-119.87263242,34.436034829999997
5848164,2012,2013-12-11,4200,2012-09-02,1150,3934,11,7,5,2,4212,0,0,0,,0,,"RT 246","FREEAR DR",73.00,E,N,A,-,Y,SB,5,246,-,-,26.540,H,-,W,Y,4,0,1,2,A,-,03,22350,,N,C,C,A,A,H,-,A,A,0,,,,,Y,,A,01,0,0,1,0,0,0,0,0,0,"- ","- ",,,"SANTA BARBARA",BUELLTON,-120.1861593,34.610587879999997
5849384,2012,2014-01-03,9750,2012-11-20,1425,013766,,2,2,9,4200,0,1,2,,2,001,"RT 101","SANTA MARIA WY",1056.00,S,N,A,-,Y,SB,5,101,-,-,84.060,H,-,S,Y,3,0,2,2,A,-,03,22350,,N,C,C,A,A,H,-,A,D,0,,,Y,,Y,,C,02,0,2,0,0,0,0,0,0,2,"- ","- ",34.887340000000002,-120.41546,"SANTA BARBARA",UNINCORPORATED,-120.41498609999999,34.886796099999998
5849404,2012,2014-01-03,9750,2012-11-12,1555,014449,,1,2,9,4200,0,1,3,,1,022,"RT 1","SOLOMON RD",1584.00,N,N,A,-,Y,SB,5,1,-,-,40.170,H,-,S,Y,3,0,1,2,A,-,01,23152,A,N,B,C,A,A,H,-,A,D,0,,,,,Y,,A,01,0,1,0,0,0,0,0,0,0,"- ","- ",34.872819999999997,-120.47283,"SANTA BARBARA",UNINCORPORATED,-120.46985263000001,34.871925849999997
5850651,2012,2014-01-07,4202,2012-11-09,2021,MAGANA,LOMPO,5,5,4,4202,0,0,0,,0,,"OCEAN AV","7TH ST",0.00,,Y,A,-,Y,SB,5,1,-,-,19.530,I,5,S,Y,4,0,1,2,D,-,00,,,N,H,C,A,A,H,-,C,A,0,,,,,Y,,-,"- ",0,0,1,0,0,0,0,0,0,"- ","- ",,,"SANTA BARBARA",LOMPOC,-120.44033775,34.63884135
5850710,2012,2014-01-08,4202,2012-11-07,1640,292,,3,5,4,4202,0,0,0,,0,,"OCEAN AV","H ST",0.00,,Y,A,-,Y,SB,5,1,-,-,20.565,I,5,N,N,4,0,1,2,A,-,"- ",,,N,D,C,A,A,H,-,D,A,0,,,,,Y,,A,08,0,0,1,0,0,0,0,0,0,"- ","- ",,,"SANTA BARBARA",LOMPOC,-120.45781099,34.643938919999997
5850798,2012,2013-11-13,9755,2012-08-16,0300,17378,,4,3,9,4200,0,1,2,,2,004,"RT 101","JONATA PARK RD",528.00,S,N,A,-,Y,SB,5,101,-,-,59.950,H,-,S,Y,4,0,1,1,A,-,01,23152,A,N,E,I,A,A,H,-,D,D,1,,,,,Y,Y,A,08,0,0,1,0,0,0,0,0,0,"- ","- ",34.627589999999998,-120.1888,"SANTA BARBARA",UNINCORPORATED,-120.18571353999999,34.640254929999998
5850801,2012,2013-12-19,9755,2012-10-16,0803,016988,,2,1,9,4200,0,1,3,,1,053,"RT 246","CEBADA CYN RD",5280.00,E,N,A,-,Y,SB,5,246,-,R,13.760,H,-,E,Y,3,0,1,1,A,-,08,22107,,N,F,A,A,A,H,-,A,D,0,,,,,Y,,A,07,0,1,0,0,0,0,0,0,0,"- ","- ",34.664729999999999,-120.39134,"SANTA BARBARA",UNINCORPORATED,-120.38515237999999,34.664648329999999
5850805,2012,2013-12-20,9755,2012-10-28,1440,017378,,7,2,9,4200,0,3,5,,2,050,"CONSTELLATION WY","CAPELLA DR",108.00,E,N,A,-,N,,,,,,,,,,Y,2,0,1,1,A,-,08,22107,,N,E,I,A,A,H,-,A,D,0,,,,,Y,,A,08,1,0,0,0,0,0,0,0,0,"- ","- ",34.698369999999997,-120.46914,"SANTA BARBARA",UNINCORPORATED,-120.46945728,34.698378920000003
5852831,2012,2013-12-19,9760,2012-10-11,1653,018803,,4,2,9,4200,0,1,2,,1,030,"RT 101","LAS VARAS CYN RD",500.00,N,N,A,-,Y,SB,5,101,-,-,31.150,H,-,N,Y,3,0,3,1,A,-,08,22107,,N,E,I,A,A,H,-,A,D,5,,,,,Y,,A,01,0,3,0,0,0,0,0,0,0,"- ","- ",34.456650000000003,-119.97441999999999,"SANTA BARBARA",UNINCORPORATED,-119.97471772,34.456616140000001
5852850,2012,2013-12-21,9760,2012-10-13,0135,019387,,6,3,9,4200,0,3,5,,2,005,"DEL PLAYA DR","CAMINO PESCADERO",200.00,W,N,A,-,N,,,,,,,,,,N,2,0,1,1,A,-,01,21200,5,N,F,A,A,A,H,-,C,D,0,,Y,,,Y,Y,L,04,1,0,0,0,0,0,1,0,0,"- ","- ",34.409700000000001,-119.8592,"SANTA BARBARA",UNINCORPORATED,-119.85945445999999,34.409798389999999
5852851,2012,2013-12-21,9760,2012-10-15,0658,017374,,1,1,9,4200,0,1,2,,1,030,"RT 101","EL CAPITAN RANCH RD",110.00,N,N,A,-,Y,SB,5,101,-,-,33.870,H,-,S,Y,3,0,1,1,A,-,08,22107,,N,F,A,A,A,H,-,A,A,1,,,,,Y,,A,07,0,1,0,0,0,0,0,0,0,"- ","- ",34.46096,-120.00421,"SANTA BARBARA",UNINCORPORATED,-120.02086686,34.463109940000002
5852852,2012,2013-12-21,9760,2012-10-17,1630,17314,,3,2,9,4200,0,3,5,,2,005,"CAMINO PESCADERO","SEGOVIA RD",0.00,,Y,A,-,N,,,,,,,,,,N,3,0,1,2,A,-,17,22517,,N,B,G,A,A,H,-,A,D,0,,Y,,,Y,,A,07,0,1,0,0,0,0,1,0,0,"- ","- ",34.414369999999998,-119.85868000000001,"SANTA BARBARA",UNINCORPORATED,-119.85874239,34.414474800000001
5852853,2012,2013-12-21,9760,2012-10-18,0755,016016,,4,1,9,4200,0,1,2,,2,020,"RT 101","TURNPIKE RD",528.00,N,N,A,-,Y,SB,5,101,-,-,20.160,H,-,S,Y,4,0,1,2,A,-,07,21658,A,N,C,C,A,A,H,-,A,D,1,,,,,Y,,A,01,0,0,1,0,0,0,0,0,0,"- ","- ",34.441960000000002,-119.79131,"SANTA BARBARA",UNINCORPORATED,-119.79085517999999,34.442160020000003
5852854,2012,2013-12-21,9760,2012-10-01,1740,018583,,1,2,9,4200,0,1,3,,1,014,"RT 192","TORO CANYON RD",398.00,E,N,A,-,Y,SB,5,192,-,-,12.580,H,-,E,Y,3,0,1,1,A,-,01,23152,A,N,E,I,A,A,H,-,B,D,0,,,,,Y,,A,07,0,1,0,0,0,0,0,0,0,"- ","- ",34.433700000000002,-119.57129999999999,"SANTA BARBARA",UNINCORPORATED,-119.5708298,34.43371054
5852855,2012,2013-12-21,9760,2012-10-11,0744,019292,,4,1,9,4200,0,2,4,,2,024,"CALLE REAL","CAMINO DEL REMEDIO",60.00,E,N,A,-,N,,,,,,,,,,N,2,0,1,2,A,-,08,22100,B,N,H,G,A,A,H,-,A,D,0,,Y,,,Y,,A,01,1,0,0,0,0,0,1,0,0,"- ","- ",,,"SANTA BARBARA",UNINCORPORATED,-119.77934384,34.442442550000003
5852860,2012,2013-12-21,9760,2012-10-18,1310,016016,,4,1,4,4214,0,1,2,,2,020,"RT 101","PATTERSON AV",100.00,N,N,A,-,Y,SB,5,101,-,-,21.180,H,-,S,Y,4,0,1,2,D,-,00,,,N,B,C,A,A,H,-,A,D,1,,,,,Y,,-,"- ",0,0,1,0,0,0,0,0,0,"- ","- ",34.44171,-119.8087,"SANTA BARBARA",GOLETA,-119.80904242,34.441854839999998
5852861,2012,2013-12-21,9760,2012-10-20,0925,018491,,6,1,9,4200,0,3,5,,2,001,"BELLA VISTA DR","MARIPOSA LN",1728.00,E,N,B,-,N,,,,,,,,,,N,3,0,1,1,A,-,08,22107,,N,F,A,A,D,H,-,A,D,0,,Y,,,Y,,L,04,0,1,0,0,0,0,1,0,0,"- ","- ",34.448529999999998,-119.60098000000001,"SANTA BARBARA",UNINCORPORATED,-119.60114244,34.448332710000003
5852862,2012,2014-01-02,9760,2012-10-14,1723,19777,,7,2,9,4200,0,1,2,,2,010,"RT 101","SAN YSIDRO RD",625.00,S,N,A,-,Y,SB,5,101,-,-,9.900,H,-,S,Y,3,0,2,4,A,-,03,22350,,N,C,C,A,A,H,-,A,D,1,,,,,Y,,A,07,0,1,1,0,0,0,0,0,0,"- ","- ",34.421759999999999,-119.62949999999999,"SANTA BARBARA",UNINCORPORATED,-119.6299279,34.421913789999998
5852869,2012,2013-12-21,4200,2012-10-12,0753,3116,14,5,5,4,4214,0,0,0,,0,060,"PHELPS RD","BAYBERRY LN",53.00,E,N,B,-,N,,,,,,,,,,N,3,0,1,2,A,-,08,22107,,N,G,B,E,A,H,-,A,D,0,Y,,,,Y,,A,01,0,1,0,0,1,0,0,0,0,"- ","- ",,,"SANTA BARBARA",GOLETA,-119.86629686000001,34.424136160000003
5852870,2012,2014-01-11,4200,2012-10-15,1727,3116,14,1,5,4,4214,0,0,0,,0,050,"CARLO DR","MALVA AV",0.00,,Y,A,-,N,,,,,,,,,,N,4,0,1,2,A,-,09,21801,A,N,D,C,A,A,H,-,A,A,0,,,Y,,Y,,A,01,0,0,1,0,0,0,0,0,1,"- ","- ",,,"SANTA BARBARA",GOLETA,-119.83669243,34.440304859999998
5852871,2012,2013-12-21,4200,2012-10-16,1337,3116,14,2,5,4,4214,0,0,0,,0,080,"STORKE RD","RT 101",0.00,,Y,A,-,Y,SB,5,101,-,-,24.980,R,1,S,N,3,0,1,2,A,-,05,21650,1,N,D,G,A,A,H,-,A,A,0,,Y,,,Y,,L,04,0,1,0,0,0,0,1,0,0,"- ",SF,,,"SANTA BARBARA",GOLETA,-119.87546756,34.433076059999998
5853055,2012,2013-12-17,9760,2012-10-01,1412,12518,,1,2,4,4214,0,1,2,,1,030,"RT 101","STORKE RD",150.00,S,N,A,-,Y,SB,5,101,-,-,24.590,R,3,S,N,4,0,1,2,A,-,03,22350,,N,C,C,A,A,A,-,A,D,1,,,,,Y,,A,07,0,0,1,0,0,0,0,0,0,SO,"- ",,,"SANTA BARBARA",GOLETA,-119.86675796999999,34.43498237
5853060,2012,2014-01-09,9755,2012-10-06,1844,00001,,6,2,9,4200,0,1,3,,1,053,"RT 246","SWEENEY RD",838.00,W,N,A,-,Y,SB,5,246,-,-,9.850,H,-,E,N,3,0,1,2,A,-,05,21650,,M,B,G,A,A,-,-,B,D,0,,Y,,,Y,,L,04,0,1,0,0,0,0,1,0,0,"- ","- ",,,"SANTA BARBARA",UNINCORPORATED,-120.43183376,34.643636119999996
5853350,2012,2013-12-31,4200,2012-11-12,1844,4121,6,1,5,2,4206,0,0,0,,0,,"MISSION DR","1ST PL",0.00,,Y,A,-,Y,SB,5,246,-,-,29.620,I,5,W,N,4,0,1,2,A,-,10,21950,A,N,G,B,B,A,H,-,C,A,0,Y,,,,Y,,A,07,0,0,1,0,1,0,0,0,0,"- ","- ",,,"SANTA BARBARA",SOLVANG,-120.13926985000001,34.596004389999997
5854683,2012,2014-01-06,9760,2012-11-16,1010,19069,,5,1,5,4203,0,1,2,,2,011,"RT 101","MILPAS ST",980.00,S,N,C,-,Y,SB,5,101,-,-,12.540,H,-,S,Y,4,0,1,1,A,-,03,22350,,N,E,I,A,B,H,-,A,D,1,,,,,Y,,D,22,0,0,1,0,0,0,0,0,0,"- ","- ",34.42062,-119.66793,"SANTA BARBARA","SANTA BARBARA",-119.67548726,34.420180999999999
5854695,2012,2014-01-09,9760,2012-11-15,1640,18728,,4,2,9,4200,0,1,3,,1,022,"RT 154","SAN MARCOS RD",0.00,E,N,C,-,Y,SB,5,154,-,-,24.470,H,-,W,Y,4,0,1,1,A,-,08,22107,,N,E,I,A,B,H,-,D,D,0,,,,,Y,,D,22,0,0,1,0,0,0,0,0,0,"- ","- ",34.503790000000002,-119.80504000000001,"SANTA BARBARA",UNINCORPORATED,-119.82248516999999,34.509443040000001
5854699,2012,2013-12-16,9760,2012-10-19,0105,019819,,5,3,5,4203,0,1,2,,2,011,"RT 101","GARDEN ST",2452.00,S,N,A,-,Y,SB,5,101,-,-,13.030,H,-,N,Y,2,0,3,1,A,-,01,23152,A,N,E,I,A,A,H,-,C,D,1,,,,,Y,Y,D,22,2,0,1,0,0,0,0,0,0,"- ","- ",34.42013,-119.68185,"SANTA BARBARA","SANTA BARBARA",-119.68252385,34.420039699999997
5854703,2012,2014-01-10,9760,2012-11-12,1715,18019,,1,2,5,4203,0,1,2,,2,020,"RT 101","LAS POSITAS RD",175.00,N,N,A,-,Y,SB,5,101,-,-,16.580,H,-,N,Y,4,0,2,3,A,-,03,22350,,M,C,C,A,A,H,-,B,D,1,,,,,Y,,A,01,0,0,2,0,0,0,0,0,0,"- ","- ",34.427869999999999,-119.73466999999999,"SANTA BARBARA","SANTA BARBARA",-119.73482598,34.428276029999999
5854707,2012,2014-01-08,9760,2012-11-14,0805,018754,,3,1,9,4200,0,1,2,,2,010,"RT 101","SHEFFIELD DR",1000.00,N,N,A,-,Y,SB,5,101,-,-,9.190,H,-,N,Y,4,0,1,3,A,-,03,22350,,N,C,C,A,A,H,-,A,D,1,,,,Y,Y,,F,26,0,0,1,0,0,0,0,0,0,"- ","- ",34.420900000000003,-119.62251999999999,"SANTA BARBARA",UNINCORPORATED,-119.61735281999999,34.42157675
5855567,2012,2013-12-21,9750,2012-10-24,0854,014820,,3,1,9,4200,0,3,5,,2,020,"HARRIS GRADE RD","RT 135",7392.00,S,N,A,-,N,,,,,,,,,,Y,4,0,1,1,A,-,08,22107,,N,F,I,A,A,H,-,A,D,0,,,,,Y,,A,01,0,0,1,0,0,0,0,0,0,"- ","- ",34.75309,-120.43376000000001,"SANTA BARBARA",UNINCORPORATED,-120.43423790999999,34.751986539999997
5855568,2012,2013-12-30,9750,2012-10-22,1629,014449,,1,2,9,4200,0,2,4,,1,024,"SANTA MARIA WY","BRADLEY RD",150.00,E,N,C,-,N,,,,,,,,,,N,4,0,1,2,A,-,03,22350,,N,C,C,A,B,H,-,A,A,0,,,,,Y,,A,01,0,0,1,0,0,0,0,0,0,"- ","- ",34.894799999999996,-120.42191,"SANTA BARBARA",UNINCORPORATED,-120.42221564,34.895053509999997
5856251,2012,2014-04-10,4200,2012-10-03,1824,3083,14,3,5,4,4214,0,0,0,,0,050,"CALLE REAL","ENCINA LN",588.00,E,N,A,-,N,,,,,,,,,,Y,4,0,1,2,A,-,09,21804,A,N,D,C,A,A,H,-,A,D,0,,,,,Y,,A,01,0,0,1,0,0,0,0,0,0,"- ","- ",,,"SANTA BARBARA",GOLETA,-119.82578898,34.441385420000003