CASE_ID,ACCIDENT_YEAR,PROC_DATE,JURIS,COLLISION_DATE,COLLISION_TIME,OFFICER_ID,REPORTING_DISTRICT,DAY_OF_WEEK,CHP_SHIFT,POPULATION,CNTY_CITY_LOC,SPECIAL_COND,BEAT_TYPE,CHP_BEAT_TYPE,CITY_DIVISION_LAPD,CHP_BEAT_CLASS,BEAT_NUMBER,PRIMARY_RD,SECONDARY_RD,DISTANCE,DIRECTION,INTERSECTION,WEATHER_1,WEATHER_2,STATE_HWY_IND,CALTRANS_COUNTY,CALTRANS_DISTRICT,STATE_ROUTE,ROUTE_SUFFIX,POSTMILE_PREFIX,POSTMILE,LOCATION_TYPE,RAMP_INTERSECTION,SIDE_OF_HWY,TOW_AWAY,COLLISION_SEVERITY,NUMBER_KILLED,NUMBER_INJURED,PARTY_COUNT,PRIMARY_COLL_FACTOR,PCF_CODE_OF_VIOL,PCF_VIOL_CATEGORY,PCF_VIOLATION,PCF_VIOL_SUBSECTION,HIT_AND_RUN,TYPE_OF_COLLISION,MVIW,PED_ACTION,ROAD_SURFACE,ROAD_COND_1,ROAD_COND_2,LIGHTING,CONTROL_DEVICE,CHP_ROAD_TYPE,PEDESTRIAN_ACCIDENT,BICYCLE_ACCIDENT,MOTORCYCLE_ACCIDENT,TRUCK_ACCIDENT,NOT_PRIVATE_PROPERTY,ALCOHOL_INVOLVED,STWD_VEHTYPE_AT_FAULT,CHP_VEHTYPE_AT_FAULT,COUNT_SEVERE_INJ,COUNT_VISIBLE_INJ,COUNT_COMPLAINT_PAIN,COUNT_PED_KILLED,COUNT_PED_INJURED,COUNT_BICYCLIST_KILLED,COUNT_BICYCLIST_INJURED,COUNT_MC_KILLED,COUNT_MC_INJURED,PRIMARY_RAMP,SECONDARY_RAMP,LATITUDE,LONGITUDE,COUNTY,CITY,POINT_X,POINT_Y
5870454,2012,2014-03-18,4204,2012-10-23,1433,23323,17,2,5,5,4204,0,0,0,,0,001,DONOVAN,COLLEGE,0.00,,Y,A,-,N,,,,,,,,,,,4,0,1,3,A,-,04,21703,,N,C,-,A,A,H,-,A,A,0,,,,,Y,,-,"- ",0,0,1,0,0,0,0,0,0,"- ","- ",,,"SANTA BARBARA","SANTA MARIA",-120.42565251000001,34.96766487
5870470,2012,2013-12-21,4204,2012-10-14,1850,23471,27,7,5,5,4204,0,0,0,,0,001,FESLER,BROADWAY,25.00,W,N,A,-,Y,SB,5,135,-,-,16.000,I,6,S,Y,4,0,1,2,A,-,01,23152,A,N,C,C,A,A,H,-,C,-,0,,,,,Y,Y,-,"- ",0,0,1,0,0,0,0,0,0,"- ","- ",,,"SANTA BARBARA","SANTA MARIA",-120.43590257,34.956454860000001
5870474,2012,2013-12-21,4204,2012-10-17,1923,23813,50,3,5,5,4204,0,0,0,,0,002,"S DEPOT","W ORANGE",0.00,,Y,A,-,N,,,,,,,,,,Y,3,0,1,2,A,-,08,22107,,N,A,C,A,A,H,-,D,A,0,,,,,Y,,-,"- ",0,1,0,0,0,0,0,0,0,"- ","- ",,,"SANTA BARBARA","SANTA MARIA",-120.44371258,34.948854879999999
5870852,2012,2013-12-28,9760,2012-11-26,1545,018754,,1,2,3,4205,0,1,2,,2,010,"RT 101","BAILARD AV",250.00,N,N,B,-,Y,SB,5,101,-,-,1.790,R,1,S,Y,4,0,2,3,A,-,03,22350,,N,C,C,A,A,H,-,A,D,1,,,,,Y,,A,01,0,0,2,0,0,0,0,0,0,SF,"- ",34.388370000000002,-119.49946,"SANTA BARBARA",CARPINTERIA,-119.50149236999999,34.38936485
5870864,2012,2013-12-28,9760,2012-11-28,1745,17314,,3,2,9,4200,0,1,3,,1,022,"RT 154","PAINTED CAVE RD",6336.00,E,N,B,C,Y,SB,5,154,-,-,27.890,H,-,E,Y,4,0,1,2,A,-,03,22350,,N,C,C,A,B,H,-,D,D,0,,,,,Y,,A,01,0,0,1,0,0,0,0,0,0,"- ","- ",34.487459999999999,-119.78084,"SANTA BARBARA",UNINCORPORATED,-119.78097357999999,34.487315209999998
5870868,2012,2013-12-30,9760,2012-11-09,1635,018991,,5,2,9,4200,0,2,4,,1,021,"HOLLISTER AV","MAGNA VISTA ST",0.00,,Y,A,-,N,,,,,,,,,,N,3,0,1,2,A,-,01,23152,A,N,H,G,A,A,H,-,A,D,0,,Y,,,Y,Y,D,22,0,1,0,0,0,0,1,0,0,"- ","- ",34.437040000000003,-119.78694,"SANTA BARBARA",UNINCORPORATED,-119.78683241,34.437174859999999
5870876,2012,2013-12-30,9760,2012-11-14,0815,018490,,3,1,9,4200,0,1,2,,2,010,"RT 101","NORTH PADARO LN",5808.00,S,N,A,-,Y,SB,5,101,-,R,6.130,H,-,N,Y,3,0,2,2,A,-,03,22350,,N,C,C,A,A,H,-,A,D,1,,,,,Y,,D,22,0,1,1,0,0,0,0,0,0,"- ","- ",34.416649999999997,-119.56375,"SANTA BARBARA",UNINCORPORATED,-119.56557936,34.416797260000003
5870880,2012,2013-12-30,9760,2012-11-12,1709,018019,,1,2,5,4203,0,1,2,,2,011,"RT 101","CASTILLO ST",25.00,N,N,A,-,Y,SB,5,101,-,R,14.640,R,1,S,N,3,0,1,2,A,-,03,22350,,M,C,C,A,B,H,-,B,A,1,,,Y,,Y,,C,02,0,1,0,0,0,0,0,0,1,TO,"- ",34.411790000000003,-119.69904,"SANTA BARBARA","SANTA BARBARA",-119.70467240000001,34.414114849999997
5870897,2012,2013-12-28,9760,2012-11-21,1523,019292,,3,2,9,4200,0,3,5,,2,001,"TEMPLE ST","VARLEY ST",0.00,,Y,A,-,N,,,,,,,,,,N,3,0,1,3,A,-,12,22450,A,N,H,G,A,A,H,-,A,D,0,,Y,,,Y,,L,04,0,1,0,0,0,0,1,0,0,"- ","- ",34.42051,-119.59566,"SANTA BARBARA",UNINCORPORATED,-119.59570234,34.420584820000002
5870909,2012,2013-12-28,9760,2012-11-29,1516,017674,,4,2,9,4200,0,1,2,,2,010,"RT 101","BATES RD",200.00,N,N,B,-,Y,SB,5,101,-,R,0.100,H,-,N,Y,4,0,1,2,A,-,21,22106,,N,E,J,A,B,H,-,A,D,1,,,,,Y,,M,44,0,0,1,0,0,0,0,0,0,"- ","- ",34.377339999999997,-119.47948,"SANTA BARBARA",UNINCORPORATED,-119.48000577000001,34.377867430000002
5870913,2012,2014-01-03,9760,2012-11-29,1354,17374,,4,1,9,4200,0,3,5,,2,001,"ORTEGA HILL RD","SHEFFIELD DR",528.00,E,N,B,C,N,,,,,,,,,,Y,4,0,1,2,A,-,03,22350,,N,B,C,A,B,H,-,A,A,0,,,,Y,Y,,F,26,0,0,1,0,0,0,0,0,0,"- ","- ",34.423079999999999,-119.61103,"SANTA BARBARA",UNINCORPORATED,-119.61108037,34.423221130000002
5873718,2012,2014-01-17,9750,2012-12-02,1845,16170,,7,2,9,4200,0,1,2,,2,003,"RT 101","CAT CANYON RD",0.00,,Y,C,-,Y,SB,5,101,-,L,72.580,I,5,N,Y,3,0,2,2,A,-,09,21802,A,N,D,C,A,A,H,-,D,D,1,,,,,Y,Y,D,22,0,1,1,0,0,0,0,0,0,"- ","- ",34.452469999999998,-120.17399,"SANTA BARBARA",UNINCORPORATED,-120.29437897,34.75689096
5874988,2012,2013-12-07,4200,2012-09-22,1148,3940,14,6,5,4,4214,0,0,0,,0,080,"WINCHESTER CANYON RD","CALLE REAL",70.00,N,N,A,-,Y,SB,5,101,-,-,26.400,R,4,N,Y,4,0,1,1,A,-,01,23152,A,N,E,I,A,A,H,-,A,D,0,,,,,Y,,A,01,0,0,1,0,0,0,0,0,0,"- ","- ",,,"SANTA BARBARA",GOLETA,-119.89681244000001,34.432524839999999
5875648,2012,2014-01-03,9755,2012-11-29,0720,17378,,4,1,9,4200,0,1,3,,1,053,"RT 246","DOMINGOS RD",1056.00,E,N,B,-,Y,SB,5,246,-,R,21.050,H,-,W,Y,3,0,1,1,A,-,03,22350,,N,F,A,A,B,H,-,A,D,0,,,,,Y,,D,22,0,1,0,0,0,0,0,0,0,"- ","- ",34.623669999999997,-120.26282,"SANTA BARBARA",UNINCORPORATED,-120.27475852000001,34.62845076
5875656,2012,2014-01-06,9755,2012-11-27,1720,012436,,2,2,9,4200,0,1,3,,2,041,"RT 246","ALAMO PINTADO CRK",403.00,E,N,B,-,Y,SB,5,246,-,-,30.360,H,-,W,Y,4,0,2,3,A,-,03,22350,,N,C,C,A,A,H,-,D,A,0,,,,,Y,,D,23,0,0,2,0,0,0,0,0,0,"- ","- ",34.600070000000002,-120.12572,"SANTA BARBARA",UNINCORPORATED,-120.12745079,34.599222859999998
5875664,2012,2014-01-14,9755,2012-11-08,0924,13618,,4,1,9,4200,0,1,2,,2,004,"RT 101","GAVIOTA STATE BEACH RD",5808.00,N,N,B,-,Y,SB,5,101,-,-,47.460,H,-,S,N,2,0,1,3,A,-,08,22107,,N,G,B,E,B,H,-,A,D,1,Y,,,Y,Y,,G,25,1,0,0,0,1,0,0,0,0,"- ","- ",34.492269999999998,-120.22684,"SANTA BARBARA",UNINCORPORATED,-120.22152208,34.473165989999998
5876290,2012,2014-01-14,4204,2012-12-03,0703,18261,05,1,5,5,4204,0,0,0,,0,001,"RT 135","PREISKER LN",35.00,S,N,B,-,Y,SB,5,135,-,-,17.520,H,-,N,N,4,0,1,2,A,-,03,22350,,N,C,C,A,A,H,-,A,A,0,,,,,Y,,D,22,0,0,1,0,0,0,0,0,0,"- ","- ",,,"SANTA BARBARA","SANTA MARIA",-120.43479257,34.978694859999997
5876586,2012,2014-01-15,4204,2012-12-05,1738,21338,089,3,5,5,4204,0,0,0,,0,003,"COLLEGE DR","BLUE RIDGE DR",0.00,,Y,A,-,N,,,,,,,,,,Y,3,0,4,3,A,-,03,22350,,N,C,C,A,A,H,-,C,A,0,,,,,Y,,A,01,0,1,3,0,0,0,0,0,0,"- ","- ",,,"SANTA BARBARA","SANTA MARIA",-120.42341260000001,34.907134829999997
5876588,2012,2014-01-09,4204,2012-11-30,1830,21338,014,5,5,5,4204,0,0,0,,0,001,"SUNSET AV",THORNBURG,0.00,,Y,B,C,N,,,,,,,,,,N,4,0,1,2,A,-,14,21201,D,N,D,G,A,B,H,-,D,A,0,,Y,,,Y,,L,04,0,0,1,0,0,0,1,0,0,"- ","- ",,,"SANTA BARBARA","SANTA MARIA",-120.44012248999999,34.965184819999998
5876589,2012,2014-01-14,4204,2012-12-12,1709,21338,68,3,5,5,4204,0,0,0,,0,003,BROADWAY,"PLAZA DR",25.00,N,N,C,-,Y,SB,5,135,-,-,14.710,H,-,N,Y,4,0,2,3,A,-,03,22350,,N,C,C,A,B,H,-,C,A,0,,,,,Y,,D,22,0,0,2,0,0,0,0,0,0,"- ","- ",,,"SANTA BARBARA","SANTA MARIA",-120.43593706999999,34.93754637
5876590,2012,2014-01-14,4204,2012-12-11,1610,18261,67,2,5,5,4204,0,0,0,,0,003,"STOWELL RD",ENTRADA,13.00,E,N,A,-,N,,,,,,,,,,N,3,0,1,2,A,-,06,21951,,N,G,B,B,A,H,-,A,A,0,Y,,,,Y,,D,22,0,1,0,0,1,0,0,0,0,"- ","- ",,,"SANTA BARBARA","SANTA MARIA",-120.43925926,34.938564820000003
5876592,2012,2014-01-14,4204,2012-12-10,1429,18261,75,1,5,5,4204,0,0,0,,0,003,"RT 135",NEWLOVE,0.00,,Y,A,-,Y,SB,5,135,-,-,14.170,I,5,N,N,4,0,3,2,A,-,03,22350,,N,C,C,A,A,H,-,A,A,0,,,,,Y,,D,22,0,0,3,0,0,0,0,0,0,"- ","- ",,,"SANTA BARBARA","SANTA MARIA",-120.43596257,34.92985676
5876593,2012,2014-01-14,4204,2012-11-30,1441,21338,3,5,5,5,4204,0,0,0,,0,001,"RANCHO VERDE","GAUCHO WY",0.00,,Y,B,-,N,,,,,,,,,,Y,4,0,1,2,A,-,08,22107,,N,G,B,D,B,H,-,A,D,0,Y,,,,Y,,D,22,0,0,1,0,1,0,0,0,0,"- ","- ",,,"SANTA BARBARA","SANTA MARIA",-120.44744258999999,34.9772149
5877322,2012,2014-01-16,9760,2012-12-18,1030,16016,,2,1,9,4200,0,3,5,,2,002,"CAMINO CIELO","PAINTED CAVE RD",8976.00,E,N,A,-,N,,,,,,,,,,Y,2,0,1,1,A,-,01,23152,A,M,E,I,A,A,H,-,A,D,0,,,,,Y,Y,D,22,1,0,0,0,0,0,0,0,0,"- ","- ",34.51726,-119.78198,"SANTA BARBARA",UNINCORPORATED,-119.7827853,34.517694540000001
5877350,2012,2014-01-16,9760,2012-12-18,1506,017674,,2,2,5,4203,0,1,2,,2,011,"RT 101","MILPAS ST",80.00,N,N,A,-,Y,SB,5,101,-,-,12.410,R,1,S,Y,3,0,2,3,A,-,03,22350,,N,C,C,A,A,H,-,A,A,1,,,,Y,Y,,A,01,0,2,0,0,0,0,0,0,0,FR,"- ",34.419960000000003,-119.66070000000001,"SANTA BARBARA","SANTA BARBARA",-119.6730024,34.419794850000002
5877872,2012,2013-12-24,9760,2012-10-27,0425,018991,,6,3,9,4200,0,1,2,,1,040,"RT 101","MARIPOSA REINA",7920.00,S,N,A,-,Y,SB,5,101,-,-,43.340,H,-,S,Y,4,0,1,1,A,-,01,23152,A,M,E,I,A,A,H,-,D,D,5,,,,,Y,Y,A,01,0,0,1,0,0,0,0,0,0,"- ","- ",34.47137,-120.17964000000001,"SANTA BARBARA",UNINCORPORATED,-120.16697463,34.47155953
5877876,2012,2013-12-24,9760,2012-10-15,0740,018583,,1,1,5,4203,0,1,2,,2,011,"RT 101","CABRILLO BL",70.00,N,N,A,-,Y,SB,5,101,-,-,11.470,H,-,S,Y,4,0,1,2,A,-,03,22350,,N,C,C,A,A,H,-,B,D,1,,,,,Y,,A,07,0,0,1,0,0,0,0,0,0,"- ","- ",34.422550000000001,-119.65568,"SANTA BARBARA","SANTA BARBARA",-119.65580735,34.422630720000001
5877880,2012,2013-12-24,9760,2012-10-15,1712,018583,,1,2,9,4200,0,3,5,,2,002,"WALNUT LN","HOLLISTER AV",300.00,S,N,A,-,N,,,,,,,,,,N,3,0,1,2,A,-,08,22107,,N,H,G,A,A,H,-,A,D,0,,Y,,,Y,,L,04,0,1,0,0,0,0,1,0,0,"- ","- ",34.43365,-119.8023,"SANTA BARBARA",UNINCORPORATED,-119.80227064,34.43401119
5878518,2012,2014-01-15,4200,2012-12-09,0111,2859,,7,5,2,4206,0,0,0,,0,,"MISSION DR","5TH ST",365.00,W,N,E,-,Y,SB,5,246,-,-,29.170,H,-,W,Y,2,0,2,3,A,-,01,23152,A,N,C,E,A,B,H,-,C,A,0,,,,,Y,Y,A,01,2,0,0,0,0,0,0,0,0,"- ","- ",,,"SANTA BARBARA",SOLVANG,-120.14686515,34.595392920000002
5879312,2012,2014-01-02,9750,2012-11-17,1027,014820,,6,1,9,4200,0,3,5,,2,030,"SANTA MARIA MESA RD","TEPUSQUET RD",419.00,W,N,B,-,N,,,,,,,,,,Y,4,0,2,1,A,-,03,22350,,N,F,A,A,B,H,-,A,D,0,,,,,Y,,A,01,0,0,2,0,0,0,0,0,0,"- ","- ",34.865760000000002,-120.25201,"SANTA BARBARA",UNINCORPORATED,-120.25234675,34.865845299999997
5879316,2012,2014-01-02,9750,2012-11-17,2035,018009,,6,2,9,4200,0,1,2,,2,001,"RT 101","DONOVAN RD",1056.00,N,N,B,-,Y,SB,5,101,-,-,89.890,H,-,N,Y,4,0,5,2,A,-,01,23152,A,N,C,C,A,B,H,-,D,D,0,,,,,Y,,A,01,0,0,5,0,0,0,0,0,0,"- ","- ",34.972230000000003,-120.42579000000001,"SANTA BARBARA",UNINCORPORATED,-120.42447695,34.970313449999999
5880084,2012,2014-01-15,9750,2012-12-07,1920,017267,,5,2,5,4204,0,1,2,,2,001,"RT 101","BETTERAVIA RD",3696.00,S,N,A,-,Y,SB,5,101,-,-,85.890,H,-,N,Y,4,0,3,2,A,-,03,22350,,N,D,C,A,A,H,-,D,D,0,,,,,Y,,A,01,0,0,3,0,0,0,0,0,0,"- ","- ",34.913499999999999,-120.41783,"SANTA BARBARA","SANTA MARIA",-120.41784582,34.913150049999999
5880147,2012,2014-01-15,9750,2012-12-16,1804,018616,,7,2,9,4200,0,2,4,,1,024,"BRADLEY RD","PATTERSON RD",0.00,,Y,B,-,N,,,,,,,,,,Y,3,0,3,2,A,-,12,21453,A,N,A,C,A,A,H,-,C,D,0,,,,,Y,,A,01,0,1,2,0,0,0,0,0,0,"- ","- ",34.868180000000002,-120.41873,"SANTA BARBARA",UNINCORPORATED,-120.41879252,34.868544919999998
5880332,2012,2014-03-13,9760,2012-12-14,1355,018491,,5,1,3,4205,0,3,5,,2,001,"VIA REAL","TORO CANYON RD",0.00,,Y,B,-,N,,,,,,,,,,Y,4,0,2,3,A,-,09,21801,A,N,D,C,A,A,H,-,A,D,0,,,,,Y,,A,01,0,0,2,0,0,0,0,0,0,"- ","- ",34.416269999999997,-119.57487,"SANTA BARBARA",CARPINTERIA,-119.57501237,34.416164899999998
5882078,2012,2014-01-14,4203,2012-12-28,1234,2520,,5,5,5,4203,0,0,0,,0,002,"MILPAS ST","CACIQUE ST",0.00,,Y,A,-,N,,,,,,,,,,N,4,0,1,2,A,-,11,21950,B,N,G,B,B,A,H,-,A,A,0,Y,,,,Y,,N,60,0,0,1,0,1,0,0,0,0,"- ","- ",,,"SANTA BARBARA","SANTA BARBARA",-119.67632242000001,34.419774889999999
5882490,2012,2014-01-08,4204,2012-11-21,2312,20894,57,3,5,5,4204,0,0,0,,0,002,MORRISON,"RT 135",0.00,,Y,E,-,Y,SB,5,135,-,-,15.080,I,5,N,Y,2,0,3,2,A,-,12,21453,A,N,D,C,A,A,H,-,C,D,0,,,,,Y,Y,-,"- ",2,0,1,0,0,0,0,0,0,"- ","- ",,,"SANTA BARBARA","SANTA MARIA",-120.43596257,34.943024170000001
5882494,2012,2014-03-13,4204,2012-11-22,0145,18381,87,4,5,5,4204,0,0,0,,0,003,"SKYWAY DR","FAIRWAY DR",780.00,S,N,A,-,N,,,,,,,,,,Y,2,0,2,1,A,-,01,23153,A,N,F,I,A,A,H,-,C,D,0,,,,,Y,Y,A,07,1,1,0,0,0,0,0,0,0,"- ","- ",,,"SANTA BARBARA","SANTA MARIA",-120.4542192,34.91129299
5882502,2012,2014-01-08,4204,2012-11-25,1346,22104,62,7,5,5,4204,0,0,0,,0,003,"RT 135","PALM CT",141.00,S,N,A,-,Y,SB,5,135,-,-,14.870,H,-,N,Y,3,0,2,3,A,-,03,22350,,F,C,C,A,A,H,-,A,A,0,,,,,Y,,A,01,0,1,1,0,0,0,0,0,0,"- ","- ",,,"SANTA BARBARA","SANTA MARIA",-120.43595642,34.939961510000003
5882546,2012,2014-01-08,4204,2012-11-27,1701,21152,,2,5,5,4204,0,0,0,,0,002,BROADWAY,MORRISON,0.00,,Y,A,-,Y,SB,5,135,-,-,15.080,I,5,N,N,4,0,1,2,A,-,03,22350,,N,C,C,A,A,H,-,A,A,0,,,,,Y,,-,"- ",0,0,1,0,0,0,0,0,0,"- ","- ",,,"SANTA BARBARA","SANTA MARIA",-120.43596257,34.943024170000001
5882550,2012,2014-01-08,4204,2012-11-29,0902,23813,75,4,5,5,4204,0,0,0,,0,003,"E BETTERAVIA","S COLLEGE",0.00,,Y,B,-,N,,,,,,,,,,Y,4,0,1,2,A,-,12,21453,A,N,D,C,A,B,H,-,A,A,0,,,,,Y,,-,"- ",0,0,1,0,0,0,0,0,0,"- ","- ",,,"SANTA BARBARA","SANTA MARIA",-120.42513246999999,34.92359493
5882554,2012,2014-01-08,4204,2012-11-30,2201,22076,82,5,5,5,4204,0,0,0,,0,003,BETTERAVIA,MILLER,0.00,,Y,C,-,N,,,,,,,,,,Y,4,0,1,2,A,-,"- ",,,N,D,C,A,B,H,-,C,A,0,,,,,Y,,-,"- ",0,0,1,0,0,0,0,0,0,"- ","- ",,,"SANTA BARBARA","SANTA MARIA",-120.43135251,34.922544870000003
5882651,2012,2014-01-16,4204,2012-12-01,1417,23000,33,6,5,5,4204,0,0,0,,0,002,"THORNBURG ST","CHAPEL ST",0.00,,Y,C,-,N,,,,,,,,,,Y,4,0,1,4,A,-,08,22107,,N,B,E,A,B,H,-,A,D,0,,,,,Y,,A,01,0,0,1,0,0,0,0,0,0,"- ","- ",,,"SANTA BARBARA","SANTA MARIA",-120.44033254,34.954294869999998
5882655,2012,2014-01-16,4204,2012-12-01,1743,16473,21,6,5,5,4204,0,0,0,,0,001,ALVIN,STOKES,0.00,,Y,C,-,N,,,,,,,,,,Y,3,0,4,2,A,-,09,21801,,N,-,C,A,A,H,-,C,D,0,,,,,Y,,-,"- ",0,1,3,0,0,0,0,0,0,"- ","- ",,,"SANTA BARBARA","SANTA MARIA",-120.41555255999999,34.960234880000002
5882659,2012,2014-01-16,4204,2012-12-02,1003,18261,32,7,5,5,4204,0,0,0,,0,002,"RT 166",BENWILEY,0.00,,Y,B,-,Y,SB,5,166,-,-,7.330,I,5,W,Y,4,0,2,2,A,-,09,21802,A,N,D,C,A,B,H,-,A,A,0,,,,,Y,,A,07,0,0,2,0,0,0,0,0,0,"- ","- ",,,"SANTA BARBARA","SANTA MARIA",-120.44568257,34.953284859999997
5882694,2012,2014-01-16,4204,2012-12-05,1019,18261,67,3,5,5,4204,0,0,0,,0,003,"RT 135",BATTLES,170.00,N,N,A,-,Y,SB,5,101,-,-,14.310,H,-,S,Y,4,0,1,2,A,-,09,21804,A,N,D,C,A,A,H,-,A,D,0,,,,,Y,,A,07,0,0,1,0,0,0,0,0,0,"- ","- ",,,"SANTA BARBARA","SANTA MARIA",-119.70148558,34.412393139999999
5882698,2012,2014-01-16,4204,2012-12-03,1808,21199,82,1,5,5,4204,0,0,0,,0,003,"BETTERAVIA RD","MILLER ST",275.00,W,N,A,-,N,,,,,,,,,,Y,4,0,1,3,A,-,03,22350,,N,C,C,A,A,H,-,C,A,0,,,,,Y,,-,"- ",0,0,1,0,0,0,0,0,0,"- ","- ",,,"SANTA BARBARA","SANTA MARIA",-120.43214058,34.922158369999998
5882702,2012,2014-01-16,4204,2012-12-04,1449,18261,17,2,5,5,4204,0,0,0,,0,001,"MILLER ST",ALVIN,156.00,S,N,A,-,N,,,,,,,,,,N,4,0,1,2,A,-,03,22350,,N,C,C,A,A,H,-,A,A,0,,,,,Y,,A,01,0,0,1,0,0,0,0,0,0,"- ","- ",,,"SANTA BARBARA","SANTA MARIA",-120.43136524000001,34.959986469999997
5882706,2012,2014-01-16,4204,2012-12-04,1652,10473,34,2,5,5,4204,0,0,0,,0,002,MILL,VINE,84.00,E,N,A,-,N,,,,,,,,,,Y,4,0,1,2,A,-,08,22107,,N,D,E,A,A,H,-,B,D,0,,,,,Y,,-,"- ",0,0,1,0,0,0,0,0,0,"- ","- ",,,"SANTA BARBARA","SANTA MARIA",-120.43242238000001,34.955354819999997
5882710,2012,2014-01-16,4204,2012-12-04,1717,22491,40,2,5,5,4204,0,0,0,,0,002,BLOSSER,BOONE,120.00,N,N,A,-,N,,,,,,,,,,Y,3,0,3,3,A,-,03,22350,,N,A,C,A,A,H,-,B,A,0,,,,,Y,,-,"- ",0,1,2,0,0,0,0,0,0,"- ","- ",,,"SANTA BARBARA","SANTA MARIA",-120.45381643,34.947814389999998
5884590,2012,2014-01-16,4202,2012-12-23,0825,222,LOMPO,7,5,4,4202,0,0,0,,0,,"CENTRAL AV","O ST",0.00,,Y,A,-,N,,,,,,,,,,Y,4,0,1,2,A,-,12,21453,A,N,D,C,A,A,H,-,A,A,0,,,,Y,Y,,-,"- ",0,0,1,0,0,0,0,0,0,"- ","- ",,,"SANTA BARBARA",LOMPOC,-120.46642251999999,34.660894890000002
5884598,2012,2014-01-15,4202,2012-12-14,1215,274,4202,5,5,4,4202,0,0,0,,0,,"RT 1","NORTH AV",310.00,N,N,B,-,Y,SB,5,1,-,-,21.620,H,-,S,Y,4,0,1,2,A,-,03,22350,,N,C,C,A,A,H,-,A,A,0,,,,,Y,,A,01,0,0,1,0,0,0,0,0,0,"- ","- ",,,"SANTA BARBARA",LOMPOC,-120.45773677,34.655902959999999
5884964,2012,2013-12-10,9755,2012-09-23,1545,016999,,7,2,9,4200,0,1,3,,1,053,"RT 246","PURISIMA RD",0.00,,Y,A,-,Y,SB,5,246,-,-,12.270,I,5,E,Y,2,0,1,1,A,-,03,22350,,N,E,I,A,A,H,-,A,D,0,,,Y,,Y,,C,02,1,0,0,0,0,0,0,0,1,"- ","- ",34.664850000000001,-120.40827,"SANTA BARBARA",UNINCORPORATED,-120.40764839000001,34.664504829999998
5884968,2012,2013-12-10,9755,2012-09-18,0449,017378,,2,3,9,4200,0,1,2,,2,004,"RT 101","JONATA PARK RD",5280.00,N,N,A,-,Y,SB,5,101,-,-,61.050,H,-,S,Y,4,0,1,1,A,-,01,23152,A,N,E,I,A,A,H,-,D,D,1,,,,,Y,Y,A,01,0,0,1,0,0,0,0,0,0,"- ","- ",34.650840000000002,-120.18316,"SANTA BARBARA",UNINCORPORATED,-120.18124155,34.656769339999997
5885039,2012,2013-12-10,9755,2012-09-12,0540,017910,,3,3,9,4200,0,1,2,,2,004,"RT 101","GAVIOTA STATE BEACH RD",5280.00,N,N,B,F,Y,SB,5,101,-,-,47.360,H,-,S,Y,4,0,1,2,A,-,03,22350,,N,C,C,A,B,H,-,D,D,1,,,,,Y,,A,01,0,0,1,0,0,0,0,0,0,"- ","- ",34.491570000000003,-120.22660999999999,"SANTA BARBARA",UNINCORPORATED,-120.21965692000001,34.473185620000002
5885089,2012,2013-12-24,9755,2012-10-20,0130,018717,,6,3,9,4200,0,1,2,,2,004,"RT 101","RT 154",12144.00,N,N,E,-,Y,SB,5,101,-,-,64.970,H,-,N,Y,3,0,1,1,A,-,01,23152,A,N,E,I,A,B,H,-,D,D,1,,,,,Y,Y,A,01,0,1,0,0,0,0,0,0,0,"- ","- ",34.711840000000002,-120.18378,"SANTA BARBARA",UNINCORPORATED,-120.16957037,34.704975480000002
5885101,2012,2013-12-24,9755,2012-10-26,1610,015973,,5,2,9,4200,0,3,5,,2,050,"MAIL RD","RT 246",1056.00,S,N,A,-,Y,,,,,,,,,,Y,2,0,3,1,A,-,08,22107,,N,E,I,A,A,H,-,A,D,0,,,,,Y,,A,01,1,1,1,0,0,0,0,0,0,"- ","- ",34.629840000000002,-120.28785999999999,"SANTA BARBARA",UNINCORPORATED,-120.28805758,34.630406100000002
5885144,2012,2014-01-02,4202,2012-11-16,1347,292,,5,5,4,4202,0,0,0,,0,,"CENTRAL AV","D ST",0.00,,Y,B,-,N,,,,,,,,,,Y,4,0,3,2,A,-,17,21451,A,N,A,C,A,A,H,-,A,A,0,,,,,Y,,A,01,0,0,3,0,0,0,0,0,0,"- ","- ",,,"SANTA BARBARA",LOMPOC,-120.45324253,34.660694839999998
5885148,2012,2014-01-02,4202,2012-11-17,0706,6697,LOMPO,6,5,4,4202,0,0,0,,0,,"OCEAN AV","H ST",0.00,,Y,B,C,Y,SB,5,1,-,-,20.565,I,5,N,Y,4,0,1,2,A,-,12,21453,A,N,D,C,A,B,H,-,A,A,0,,,,,Y,,A,01,0,0,1,0,0,0,0,0,0,"- ","- ",,,"SANTA BARBARA",LOMPOC,-120.45781099,34.643938919999997