CASE_ID,ACCIDENT_YEAR,PROC_DATE,JURIS,COLLISION_DATE,COLLISION_TIME,OFFICER_ID,REPORTING_DISTRICT,DAY_OF_WEEK,CHP_SHIFT,POPULATION,CNTY_CITY_LOC,SPECIAL_COND,BEAT_TYPE,CHP_BEAT_TYPE,CITY_DIVISION_LAPD,CHP_BEAT_CLASS,BEAT_NUMBER,PRIMARY_RD,SECONDARY_RD,DISTANCE,DIRECTION,INTERSECTION,WEATHER_1,WEATHER_2,STATE_HWY_IND,CALTRANS_COUNTY,CALTRANS_DISTRICT,STATE_ROUTE,ROUTE_SUFFIX,POSTMILE_PREFIX,POSTMILE,LOCATION_TYPE,RAMP_INTERSECTION,SIDE_OF_HWY,TOW_AWAY,COLLISION_SEVERITY,NUMBER_KILLED,NUMBER_INJURED,PARTY_COUNT,PRIMARY_COLL_FACTOR,PCF_CODE_OF_VIOL,PCF_VIOL_CATEGORY,PCF_VIOLATION,PCF_VIOL_SUBSECTION,HIT_AND_RUN,TYPE_OF_COLLISION,MVIW,PED_ACTION,ROAD_SURFACE,ROAD_COND_1,ROAD_COND_2,LIGHTING,CONTROL_DEVICE,CHP_ROAD_TYPE,PEDESTRIAN_ACCIDENT,BICYCLE_ACCIDENT,MOTORCYCLE_ACCIDENT,TRUCK_ACCIDENT,NOT_PRIVATE_PROPERTY,ALCOHOL_INVOLVED,STWD_VEHTYPE_AT_FAULT,CHP_VEHTYPE_AT_FAULT,COUNT_SEVERE_INJ,COUNT_VISIBLE_INJ,COUNT_COMPLAINT_PAIN,COUNT_PED_KILLED,COUNT_PED_INJURED,COUNT_BICYCLIST_KILLED,COUNT_BICYCLIST_INJURED,COUNT_MC_KILLED,COUNT_MC_INJURED,PRIMARY_RAMP,SECONDARY_RAMP,LATITUDE,LONGITUDE,COUNTY,CITY,POINT_X,POINT_Y
5953493,2012,2014-01-10,9750,2012-12-23,1500,017379,,7,2,9,4200,0,3,5,,2,020,"BLOSSER RD","SOLOMON RD",0.00,,Y,B,C,N,,,,,,,,,,Y,4,0,1,2,A,-,09,21802,A,N,D,C,A,B,H,-,A,D,0,,,,,Y,,A,01,0,0,1,0,0,0,0,0,0,"- ","- ",34.872430000000001,-120.45405,"SANTA BARBARA",UNINCORPORATED,-120.45403248,34.872494840000002
5954054,2012,2014-01-10,9760,2012-12-18,0315,17140,,2,3,4,4214,0,1,2,,1,030,"RT 101","LOS CARNEROS RD",528.00,N,N,B,-,Y,SB,5,101,-,-,23.820,H,-,S,Y,4,0,1,1,A,-,08,22107,,N,E,I,A,B,H,-,D,D,1,,,,,Y,,A,01,0,0,1,0,0,0,0,0,0,"- ","- ",34.437179999999998,-119.85592,"SANTA BARBARA",GOLETA,-119.85508435,34.437287220000002
5954874,2012,2014-01-18,9750,2012-12-04,1904,016170,,2,2,9,4200,0,2,4,,1,024,"CLARK AV","BRADLEY RD",0.00,,Y,A,-,N,,,,,,,,,,Y,4,0,3,2,A,-,09,21453,C,N,D,C,A,A,H,-,C,A,0,,,,,Y,,A,01,0,0,3,0,0,0,0,0,0,"- ","- ",34.865099999999998,-120.41898999999999,"SANTA BARBARA",UNINCORPORATED,-120.41878255,34.864984929999999
5954878,2012,2014-01-18,9750,2012-12-07,1410,014820,,5,2,9,4200,0,3,5,,2,020,"UNION AV","PACIFIC ST",0.00,,Y,A,-,N,,,,,,,,,,Y,4,0,3,2,A,-,09,21802,A,N,-,C,A,A,H,-,A,A,0,,,,,Y,,A,01,0,0,3,0,0,0,0,0,0,"- ","- ",34.864170000000001,-120.44483,"SANTA BARBARA",UNINCORPORATED,-120.44470258,34.86414491
5956446,2012,2014-01-11,4202,2012-12-20,1456,274,4202,4,5,4,4202,0,0,0,,0,,"RT 1","L ST",8.00,W,N,A,B,Y,SB,5,246,-,-,9.270,I,5,W,N,3,0,1,2,A,-,11,21456,B,N,G,B,B,A,H,-,A,A,0,Y,,,,Y,,N,60,0,1,0,0,1,0,0,0,0,"- ","- ",,,"SANTA BARBARA",LOMPOC,-120.46294739,34.639084109999999
5956448,2012,2014-01-10,4202,2012-12-28,1207,287,,5,5,4,4202,0,0,0,,0,,"N A ST","E WALNUT AV",0.00,,Y,A,-,N,,,,,,,,,,Y,3,0,2,2,A,-,09,21802,A,N,D,C,A,A,H,-,A,A,0,,,,,Y,,A,01,0,1,1,0,0,0,0,0,0,"- ","- ",,,"SANTA BARBARA",LOMPOC,-120.44899259,34.640544900000002
5956693,2012,2013-12-16,9750,2012-10-18,1840,18009,,4,2,5,4204,0,1,3,,1,021,"RT 135","FOSTER RD",15.00,N,N,A,-,Y,SB,5,135,-,-,10.940,H,-,S,Y,2,0,1,2,A,-,03,22350,,N,C,C,A,A,H,-,A,D,5,,,Y,,Y,,C,02,1,0,0,0,0,0,0,0,1,"- ","- ",34.883240000000001,-120.43651,"SANTA BARBARA","SANTA MARIA",-120.43668255999999,34.883201720000002
5957298,2012,2013-12-27,4203,2012-11-21,2340,3736,,3,5,5,4203,0,0,0,,0,002,"EAST CABRILLO BL","LOS PATOS WY",2112.00,W,N,A,-,N,,,,,,,,,,Y,2,0,4,1,A,-,03,22350,,N,E,I,A,A,H,-,C,D,0,,,,,Y,Y,-,"- ",2,1,1,0,0,0,0,0,0,"- ","- ",,,"SANTA BARBARA","SANTA BARBARA",-119.66220326,34.419103329999999
5957327,2012,2013-12-27,4203,2012-11-24,0700,7083,4203,6,5,5,4203,0,0,0,,0,006,"PAMPAS AV","VALERIO ST",0.00,,Y,A,-,N,,,,,,,,,,N,4,0,1,2,A,-,03,22350,,N,G,B,B,A,H,-,A,D,0,Y,,,,Y,,-,"- ",0,0,1,0,1,0,0,0,0,"- ","- ",,,"SANTA BARBARA","SANTA BARBARA",-119.72131245999999,34.417894820000001
5957388,2012,2014-01-14,4203,2012-12-07,0052,6110,,5,5,5,4203,0,0,0,,0,006,"SAN NICOLAS AV","LA PLATA",120.00,N,N,A,-,N,,,,,,,,,,Y,4,0,2,2,A,-,01,23152,A,N,C,E,A,A,H,-,C,D,0,,,,,Y,Y,-,"- ",0,0,2,0,0,0,0,0,0,"- ","- ",34.235869999999998,-119.42324000000001,"SANTA BARBARA","SANTA BARBARA",-119.70903479,34.399643189999999
5957424,2012,2014-01-14,4203,2012-12-01,2239,2717,SB,6,5,5,4203,0,0,0,,0,007,HOLLISTER,"AERO CAMINO",118.00,W,N,B,-,Y,,,,,,,,,,Y,2,0,1,1,A,-,01,23152,,N,A,I,A,A,H,-,C,A,0,,,,,Y,Y,-,"- ",1,0,0,0,0,0,0,0,0,"- ","- ",34.431229999999999,-119.84833,"SANTA BARBARA","SANTA BARBARA",-119.84878107999999,34.431313680000002
5961192,2012,2014-01-15,9750,2012-12-11,1745,015916,,2,2,9,4200,0,2,4,,1,024,"ORCUTT RD","LAKEVIEW RD",0.00,,Y,A,-,Y,,,,,,,,,,N,4,0,3,2,A,-,09,21802,A,N,D,C,A,A,H,-,C,A,0,,,,,Y,,A,01,0,0,3,0,0,0,0,0,0,"- ","- ",34.894469999999998,-120.43601,"SANTA BARBARA",UNINCORPORATED,-120.43609259999999,34.894514919999999
5961203,2012,2014-01-14,4203,2012-12-28,1448,6374,,5,5,5,4203,0,0,0,,0,005,"STATE ST","TOYON DR",0.00,,Y,B,-,N,,,,,,,,,,N,4,0,1,4,A,-,04,21703,,M,C,C,A,A,H,-,A,A,0,,,,,Y,Y,-,"- ",0,0,1,0,0,0,0,0,0,"- ","- ",34.2622,-119.4402,"SANTA BARBARA","SANTA BARBARA",-119.73813237,34.440474870000003
5961207,2012,2014-01-14,4203,2012-12-29,1019,6983,,6,5,5,4203,0,0,0,,0,004,"CHAPALA ST","ISLAY ST",0.00,,Y,B,-,N,,,,,,,,,,Y,4,0,1,2,A,-,12,22450,A,N,D,C,A,A,H,-,A,D,0,,,,,Y,,-,"- ",0,0,1,0,0,0,0,0,0,"- ","- ",,,"SANTA BARBARA","SANTA BARBARA",-119.71325234,34.427964860000003
5961270,2012,2014-04-01,4203,2012-12-23,0129,5370,4203,7,5,5,4203,0,0,0,,0,004,"W VICTORIA ST","CHAPALA ST",77.00,E,N,B,-,N,,,,,,,,,,N,3,0,1,2,A,-,11,21954,A,N,G,B,D,B,H,-,C,D,0,Y,,,,Y,Y,N,60,0,1,0,0,1,0,0,0,0,"- ","- ",34.252459999999999,-119.42238,"SANTA BARBARA","SANTA BARBARA",-119.70672023,34.423440790000001
5961274,2012,2014-04-01,4203,2012-12-26,0913,6377,,3,5,5,4203,0,0,0,,0,006,"ELISE WY","MEIGS RD",505.00,W,N,A,-,N,,,,,,,,,,N,3,0,1,2,A,-,08,22107,,N,H,E,A,A,H,-,A,D,0,,Y,,,Y,,L,04,0,1,0,0,0,0,1,0,0,"- ","- ",34.4086,-119.7253,"SANTA BARBARA","SANTA BARBARA",-119.72394078000001,34.400480360000003
5961278,2012,2014-04-01,4203,2012-12-29,0900,6377,,6,5,5,4203,0,0,0,,0,005,"DE LA VINA ST",SAMARKAND,72.00,S,N,B,-,N,,,,,,,,,,N,4,0,1,2,A,-,09,21804,A,N,D,C,A,B,H,-,A,D,0,,,,,Y,,A,01,0,0,1,0,0,0,0,0,0,"- ","- ",,,"SANTA BARBARA","SANTA BARBARA",-119.72952323,34.439855440000002
5961311,2012,2014-01-15,4203,2012-12-05,1952,9400,,3,5,5,4203,0,0,0,,0,002,"CASTILLO ST","RT 101",0.00,,Y,A,-,Y,SB,5,101,-,-,14.340,R,4,S,N,4,0,1,2,A,-,12,21453,A,N,D,C,A,B,A,-,C,A,0,,,,,Y,,-,"- ",0,0,1,0,0,0,0,0,0,"- ","- ",,,"SANTA BARBARA","SANTA BARBARA",-119.70195797,34.412525879999997
5961375,2012,2014-01-14,4202,2012-12-01,0212,230,LOMPO,6,5,4,4202,0,0,0,,0,,"BARTON AV","L ST",272.00,E,N,B,-,N,,,,,,,,,,Y,3,0,1,3,A,-,01,23152,B,N,C,E,A,B,H,-,C,D,0,,,,,Y,Y,A,01,0,1,0,0,0,0,0,0,0,"- ","- ",,,"SANTA BARBARA",LOMPOC,-120.46118844,34.657172539999998
5961398,2012,2014-01-16,4203,2012-12-04,1806,6114,,2,5,5,4203,0,0,0,,0,006,"W VALERIO ST","CALLE CANON",42.00,E,N,A,-,N,,,,,,,,,,Y,3,0,1,3,A,-,08,22107,,N,F,E,A,A,H,-,C,D,0,,,,,Y,,A,01,0,1,0,0,0,0,0,0,0,"- ","- ",34.2624,-119.4457,"SANTA BARBARA","SANTA BARBARA",-119.72883371,34.413503480000003
5961402,2012,2014-01-15,4203,2012-12-08,1238,2524,,6,5,5,4203,0,0,0,,0,004,"W CARRILLO ST","CHAPALA ST",45.00,E,N,A,-,N,,,,,,,,,,N,4,0,1,2,A,-,03,22350,,N,C,-,A,A,H,-,A,A,0,,,,,Y,,A,07,0,0,1,0,0,0,0,0,0,"- ","- ",,,"SANTA BARBARA","SANTA BARBARA",-119.70293214,34.420536210000002
5961406,2012,2014-01-14,4203,2012-12-08,1344,2386,,6,5,5,4203,0,0,0,,0,006,"CARRILLO ST","CHINO ST",60.00,W,N,A,-,N,,,,,,,,,,N,3,0,1,1,A,-,08,22107,,N,H,A,A,A,H,-,A,A,0,,Y,,,Y,,L,04,0,1,0,0,0,0,1,0,0,"- ","- ",34.245150000000002,-119.42473,"SANTA BARBARA","SANTA BARBARA",-119.71302641,34.414435079999997
5961410,2012,2014-01-16,4203,2012-12-06,1958,3433,,4,5,5,4203,0,0,0,,0,004,"DE LA VINA ST","CARRILLO ST",0.00,,-,A,-,N,,,,,,,,,,N,4,0,1,2,A,-,09,21804,A,N,C,C,A,A,H,-,C,A,0,,,,,Y,,-,"- ",0,0,1,0,0,0,0,0,0,"- ","- ",34.25103,-119.42162,"SANTA BARBARA","SANTA BARBARA",-119.70413232999999,34.419414809999999
5961414,2012,2014-01-14,4203,2012-12-10,1032,6700,32,1,5,5,4203,0,0,0,,0,004,"CASTILLO ST","CARRILLO ST",18.00,N,N,A,-,N,,,,,,,,,,N,3,0,1,1,C,-,18,,,N,H,A,A,A,H,-,A,A,0,,Y,,,Y,,-,"- ",0,1,0,0,0,0,1,0,0,"- ","- ",34.252560000000003,-119.42233,"SANTA BARBARA","SANTA BARBARA",-119.70643713,34.41731755
5961418,2012,2014-01-16,4203,2012-12-10,1513,5739,,1,5,5,4203,0,0,0,,0,001,"N MILPAS ST","E HALEY ST",0.00,,Y,A,-,N,,,,,,,,,,N,4,0,1,2,A,-,09,21453,B,N,D,C,A,A,H,-,A,A,0,,,,,Y,,A,01,0,0,1,0,0,0,0,0,0,"- ","- ",34.253419999999998,-119.41067,"SANTA BARBARA","SANTA BARBARA",-119.68531239000001,34.426354879999998
5961472,2012,2014-01-06,4200,2012-11-02,1526,3116,14,5,5,4,4214,0,0,0,,0,080,"STORKE RD","RT 101",0.00,,Y,A,-,Y,SB,5,101,-,-,24.980,R,4,S,Y,3,0,2,2,A,-,03,22350,,N,C,C,A,A,H,-,A,A,0,,,,,Y,,A,01,0,1,1,0,0,0,0,0,0,"- ",SF,,,"SANTA BARBARA",GOLETA,-119.87546756,34.433076059999998
5961635,2012,2013-12-13,4200,2012-10-31,0829,3876,,3,5,3,4205,0,0,0,,0,,"7TH ST","CARPINTERIA AV",0.00,,Y,B,-,N,,,,,,,,,,N,3,0,1,2,A,-,12,21453,A,N,D,G,A,A,H,-,A,A,0,,Y,,,Y,,L,04,0,1,0,0,0,0,1,0,0,"- ","- ",,,"SANTA BARBARA",CARPINTERIA,-119.52640228999999,34.401824830000002
5962220,2012,2014-01-14,9755,2012-12-05,1315,012826,,3,1,9,4200,0,1,3,,2,041,"RT 246","REFUGIO RD",145.00,W,N,A,-,Y,SB,5,246,-,-,32.090,H,-,E,N,4,0,1,2,A,-,03,22350,,N,C,C,A,A,H,-,A,A,0,,,,,Y,,A,01,0,0,1,0,0,0,0,0,0,"- ","- ",34.606479999999998,-120.09868,"SANTA BARBARA",UNINCORPORATED,-120.09888728999999,34.606614839999999
5962224,2012,2014-01-14,9755,2012-12-04,0605,013041,,2,1,9,4200,0,1,3,,1,053,"RT 246","TULAROSA RD",4752.00,E,N,E,-,Y,SB,5,246,-,R,15.650,H,-,W,Y,2,0,1,3,A,-,03,22350,,N,D,C,E,A,C,-,D,D,0,Y,,,,Y,,A,01,1,0,0,0,1,0,0,0,0,"- ","- ",34.664569999999998,-120.35449,"SANTA BARBARA",UNINCORPORATED,-120.34847794,34.664488069999997
5962228,2012,2014-01-14,9755,2012-12-26,0845,012826,,3,1,9,4200,0,1,2,,2,004,"RT 101","RT 1",7920.00,S,N,B,-,Y,SB,5,101,-,-,47.470,H,-,S,Y,4,0,1,1,A,-,03,22350,,N,E,I,A,B,H,-,A,D,1,,,,,Y,,A,01,0,0,1,0,0,0,0,0,0,"- ","- ",34.489570000000001,-120.22633,"SANTA BARBARA",UNINCORPORATED,-120.22170874,34.473164820000001
5771496,2012,2013-11-16,9760,2012-08-31,1520,18491,,5,2,9,4200,0,1,2,,2,010,"RT 101","SHEFFIELD DR",800.00,N,N,A,-,Y,SB,5,101,-,-,9.170,H,-,N,N,4,0,1,4,A,-,03,22350,,N,C,C,A,A,H,-,A,D,1,,,,,Y,,D,22,0,0,1,0,0,0,0,0,0,"- ","- ",34.421439999999997,-119.61687999999999,"SANTA BARBARA",UNINCORPORATED,-119.61703774999999,34.421616800000002
5771500,2012,2013-11-18,9760,2012-08-31,1624,19446,,5,2,9,4200,0,2,4,,1,021,"HOLLISTER AV","WALNUT LN",50.00,E,N,A,-,N,,,,,,,,,,N,4,0,1,2,A,-,03,22350,,N,C,C,A,A,H,-,A,A,0,,,,,Y,,D,22,0,0,1,0,0,0,0,0,0,"- ","- ",34.434809999999999,-119.80186,"SANTA BARBARA",UNINCORPORATED,-119.80208690000001,34.434829469999997
5771532,2012,2013-11-22,4204,2012-08-15,1154,21338,014,3,5,5,4204,0,0,0,,0,001,"RT 135","SUNSET AV",60.00,N,N,A,-,Y,SB,5,135,-,-,16.550,H,-,N,Y,3,0,1,2,A,-,03,22350,,N,A,C,A,A,H,-,A,A,0,,,,,Y,,A,01,0,1,0,0,0,0,0,0,0,"- ","- ",,,"SANTA BARBARA","SANTA MARIA",-120.43565001,34.964619849999998
5771536,2012,2013-11-22,4204,2012-08-25,0803,23656,82,6,5,5,4204,0,0,0,,0,003,BETTERAVIA,MILLER,0.00,,Y,A,-,N,,,,,,,,,,Y,3,0,1,2,A,-,12,21453,A,N,D,C,A,A,H,-,A,A,0,,,,,Y,,A,01,0,1,0,0,0,0,0,0,0,"- ","- ",,,"SANTA BARBARA","SANTA MARIA",-120.43135251,34.922544870000003
5771621,2012,2013-12-04,9750,2012-07-07,1801,18009,,6,2,5,4204,0,1,3,,1,021,"RT 135","CLARK AV",1584.00,N,N,A,-,Y,SB,5,135,-,R,10.740,H,-,N,Y,4,0,1,2,A,-,07,21658,A,N,H,A,A,A,H,-,A,D,5,,,,,Y,,D,22,0,0,1,0,0,0,0,0,0,"- ","- ",34.868879999999997,-120.43657,"SANTA BARBARA","SANTA MARIA",-120.43650905,34.871647920000001
5772028,2012,2013-10-23,9750,2012-07-30,1625,015514,,1,2,9,4200,0,3,5,,2,030,"FOXEN CYN RD","PHILBRIC RD",2640.00,E,N,A,-,Y,,,,,,,,,,Y,4,0,2,2,A,-,03,22350,,N,C,C,A,A,H,-,A,D,0,,,,,Y,,A,01,0,0,2,0,0,0,0,0,0,"- ","- ",,,"SANTA BARBARA",UNINCORPORATED,-120.36521972,34.923310430000001
5772945,2012,2013-11-20,9755,2012-08-20,2230,20202,,1,3,9,4200,0,3,5,,2,040,"MORA AV","ROBLAR AV",42.00,S,N,A,-,Y,,,,,,,,,,Y,2,0,1,1,A,-,01,23152,A,N,E,I,A,A,H,-,D,D,0,,,,,Y,Y,D,22,1,0,0,0,0,0,0,0,0,"- ","- ",34.649320000000003,-120.0517,"SANTA BARBARA",UNINCORPORATED,-120.05169924,34.649402270000003
5772949,2012,2013-11-20,9755,2012-08-11,1415,18514,,6,2,9,4200,0,3,5,,2,040,"PINE ST","CUESTA ST",0.00,,Y,-,-,N,,,,,,,,,,Y,4,0,1,2,A,-,12,22450,A,N,D,C,A,A,H,-,A,A,0,,,,,Y,,A,01,0,0,1,0,0,0,0,0,0,"- ","- ",34.610720000000001,-120.09220999999999,"SANTA BARBARA",UNINCORPORATED,-120.08529248000001,34.615774809999998
5773260,2012,2013-11-20,9760,2012-08-30,1529,18491,,4,2,9,4200,0,1,2,,2,010,"RT 101","PADARO LN",3360.00,S,N,A,-,Y,SB,5,101,-,R,6.500,H,-,S,Y,3,0,3,2,A,-,08,22107,,N,D,C,A,A,A,-,A,D,1,,,,,Y,,B,07,0,2,1,0,0,0,0,0,0,"- ","- ",34.416139999999999,-119.56999999999999,"SANTA BARBARA",UNINCORPORATED,-119.56999761,34.416217179999997
5773831,2012,2013-12-12,9760,2012-09-16,1410,19464,,7,2,3,4205,0,1,2,,2,010,"RT 101","LINDEN AV",1300.00,N,N,A,-,Y,SB,5,101,-,-,3.310,H,-,S,N,4,0,1,2,A,-,03,22350,,N,C,C,A,A,H,-,A,D,1,,,,,Y,,A,01,0,0,1,0,0,0,0,0,0,"- ","- ",34.402299999999997,-119.52196000000001,"SANTA BARBARA",CARPINTERIA,-119.52106696,34.402195769999999
5773832,2012,2013-12-12,9760,2012-09-16,1125,19069,,7,1,9,4200,0,3,5,,2,001,"EXETER PL","CHELTENHAM RD",149.00,E,N,A,-,N,,,,,,,,,,N,3,0,1,1,C,-,18,,,N,E,H,A,A,H,-,A,D,0,,Y,,,Y,,-,"- ",0,1,0,0,0,0,1,0,0,"- ","- ",34.265300000000003,-119.4312,"SANTA BARBARA",UNINCORPORATED,-119.72034419000001,34.448297480000001
5962232,2012,2014-01-14,9755,2012-12-23,0044,018717,,7,3,9,4200,0,1,3,,1,051,"RT 1","JALAMA RD",16896.00,S,N,B,-,Y,SB,5,1,-,-,11.810,H,-,N,Y,3,0,1,1,A,-,01,23152,A,N,E,I,A,B,H,-,D,D,0,,,,,Y,Y,A,01,0,1,0,0,0,0,0,0,0,"- ","- ",34.566780000000001,-120.36668,"SANTA BARBARA",UNINCORPORATED,-120.36600326999999,34.56598786
5962236,2012,2014-01-14,9755,2012-12-29,1313,013618,,6,1,9,4200,0,1,2,,2,004,"RT 101","RT 1",4752.00,S,N,B,C,Y,SB,5,101,-,-,47.950,H,-,N,Y,3,0,1,2,A,-,03,22350,,N,E,I,A,B,H,-,A,D,1,,,,,Y,,A,01,0,1,0,0,0,0,0,0,0,"- ","- ",34.496940000000002,-120.23081000000001,"SANTA BARBARA",UNINCORPORATED,-120.22659249,34.474584819999997
5962240,2012,2014-01-14,9755,2012-12-01,0155,018717,,6,3,9,4200,0,1,3,,2,041,"RT 246","VIA JUANA RD",67.00,E,N,B,C,Y,SB,5,246,-,-,32.400,H,-,E,Y,3,0,1,1,A,-,01,23152,A,N,E,I,A,B,H,-,C,D,0,,,,,Y,Y,A,01,0,1,0,0,0,0,0,0,0,"- ","- ",34.607100000000003,-120.09344,"SANTA BARBARA",UNINCORPORATED,-120.09347156,34.607123319999999
5962270,2012,2014-01-18,9755,2012-12-05,1251,017378,,3,1,9,4200,0,3,5,,2,050,"CHANDLER DR","STALLCUP LN",600.00,S,N,A,-,N,,,,,,,,,,N,2,0,1,1,A,-,01,23152,A,N,F,A,A,A,H,-,A,D,0,,,Y,,Y,Y,C,02,1,0,0,0,0,0,0,0,1,"- ","- ",34.680210000000002,-120.44149,"SANTA BARBARA",UNINCORPORATED,-120.44055246000001,34.679679489999998
5962274,2012,2014-01-18,9755,2012-12-24,1938,016058,,1,2,9,4200,0,1,3,,1,051,"RT 1","JALAMA RD",50160.00,S,N,A,-,Y,SB,5,1,-,-,5.510,H,-,N,Y,3,0,1,1,A,-,08,22107,,N,E,I,A,A,H,-,D,D,0,,,,,Y,,A,01,0,1,0,0,0,0,0,0,0,"- ","- ",34.536050000000003,-120.35035000000001,"SANTA BARBARA",UNINCORPORATED,-120.28847163,34.526128120000003
5962394,2012,2014-01-15,4204,2012-12-28,2314,20504,33,5,5,5,4204,0,0,0,,0,002,"CURRYER ST",CHAPEL,0.00,,Y,A,-,N,,,,,,,,,,Y,3,0,1,2,A,-,09,21800,B,F,D,C,A,A,H,-,C,D,0,,,,,Y,Y,-,"- ",0,1,0,0,0,0,0,0,0,"- ","- ",,,"SANTA BARBARA","SANTA MARIA",-120.44144257000001,34.954304819999997
6290188,2012,2014-03-17,9760,2012-03-06,2500,017097,,2,4,9,4200,0,3,5,,2,002,"PAINTED CAVE RD","RT 154",2534.00,N,N,A,-,N,,,,,,,,,,Y,3,0,1,1,D,-,00,,,N,F,A,A,A,H,-,-,D,0,,,,,Y,,-,"- ",0,1,0,0,0,0,0,0,0,"- ","- ",34.490659999999998,-119.79098999999999,"SANTA BARBARA",UNINCORPORATED,-119.79110615,34.490666589999996
5972537,2012,2013-12-14,4204,2012-10-15,1337,18455,069,1,5,5,4204,0,0,0,,0,003,BATTLES,COLLEGE,0.00,,-,A,-,N,,,,,,,,,,N,4,0,1,2,A,-,03,22350,,N,C,C,A,A,H,-,A,A,0,,,,,Y,,-,"- ",0,0,1,0,0,0,0,0,0,"- ","- ",,,"SANTA BARBARA","SANTA MARIA",-120.42494254,34.931354849999998
5972541,2012,2013-12-14,4204,2012-10-09,1912,20904,58,2,5,5,4204,0,0,0,,0,003,"COLLEGE DR","PARK AV",0.00,,Y,A,-,N,,,,,,,,,,N,4,0,1,2,A,-,10,21950,A,F,G,B,B,A,H,-,C,A,0,Y,,,,Y,,A,01,0,0,1,0,1,0,0,0,0,"- ","- ",,,"SANTA BARBARA","SANTA MARIA",-120.42485256000001,34.944494910000003
5972545,2012,2013-12-14,4204,2012-10-14,0839,23480,011,7,5,5,4204,0,0,0,,0,001,"LA SALLE","DE SOTO",0.00,,Y,A,-,N,,,,,,,,,,Y,3,0,2,2,A,-,08,22107,,N,C,E,A,A,H,-,A,D,0,,,,,Y,,-,"- ",0,1,1,0,0,0,0,0,0,"- ","- ",,,"SANTA BARBARA","SANTA MARIA",-120.41957250999999,34.969494900000001
5972549,2012,2013-12-14,4204,2012-10-12,1714,90016,,5,5,5,4204,0,0,0,,0,"3 99","SANTA MARIA WY","BRADLEY AV",50.00,E,N,A,-,N,,,,,,,,,,N,4,0,1,2,A,-,03,22350,,N,C,C,A,A,H,-,A,A,0,,,,,Y,,-,"- ",0,0,1,0,0,0,0,0,0,"- ","- ",,,"SANTA BARBARA","SANTA MARIA",-120.42241276999999,34.895275009999999
5972689,2012,2014-01-09,9750,2012-12-25,0325,16469,,2,3,9,4200,0,2,4,,1,024,"CLARK AV","RT 101",314.00,W,N,A,-,Y,,,,,,,,,,Y,2,0,1,2,A,-,03,22350,,N,B,C,A,A,H,-,D,D,0,,,,,Y,,A,01,1,0,0,0,0,0,0,0,0,"- ","- ",34.865459999999999,-120.39825,"SANTA BARBARA",UNINCORPORATED,-120.39751898999999,34.865414819999998
5999851,2012,2013-12-26,4203,2012-11-06,1451,7783,30,2,5,5,4203,0,0,0,,0,001,"MILPAS ST","GUTIERREZ ST",0.00,,Y,A,-,Y,,,,,,,,,,N,4,0,1,2,A,-,10,21950,A,N,G,B,B,A,H,-,A,A,0,Y,,,,Y,,-,"- ",0,0,1,0,1,0,0,0,0,"- ","- ",34.4253,-119.68389999999999,"SANTA BARBARA","SANTA BARBARA",-119.68402236,34.425414869999997
5999855,2012,2013-12-26,4203,2012-11-03,1108,2524,,6,5,5,4203,0,0,0,,0,005,"S LA CUMBRE RD","RT 101",0.00,,Y,A,-,Y,SB,5,101,-,-,17.910,R,4,S,Y,4,0,1,3,A,-,12,21453,A,N,D,C,A,A,H,-,A,A,0,,,,,Y,,-,"- ",0,0,1,0,0,0,0,0,0,"- ",SF,34.261150000000001,-119.45076,"SANTA BARBARA","SANTA BARBARA",-119.75389241000001,34.438684840000001
6096688,2012,2014-03-06,9760,2012-06-01,2318,019534,,5,3,4,4214,0,3,5,,2,005,"PARDALL RD","EMBARCADERO DEL MAR",75.00,E,N,A,-,N,,,,,,,,,,N,4,0,1,2,A,-,03,22350,,M,G,B,E,A,H,-,C,A,0,Y,,,,Y,,D,22,0,0,1,0,1,0,0,0,0,"- ","- ",34.413130000000002,-119.85686,"SANTA BARBARA",GOLETA,-119.85682401,34.41316174
6338015,2012,2014-01-27,4204,2012-08-15,1800,90042,05,3,5,5,4204,0,0,0,,0,001,BROADWAY,"E GRANT",0.00,,N,A,-,Y,,,,,,,,,,N,3,0,1,2,A,-,"- ",,,M,D,C,A,A,H,-,A,D,0,,,,,Y,,-,"- ",0,1,0,0,0,0,0,0,0,"- ","- ",,,"SANTA BARBARA","SANTA MARIA",-120.43567255000001,34.972764900000001